taxa,suggested,corrected,srcs
Albertinia brasiliensis,Albertinia brasiliensis,Albertinia brasiliensis,Flora do Brasil
Anteremanthus hatschbachii,Anteremanthus hatschbachii,Anteremanthus hatschbachii,Flora do Brasil
Anteremanthus piranii,Anteremanthus piranii,Anteremanthus piranii,Flora do Brasil
Blanchetia coronata,Blanchetia coronata,Blanchetia coronata,Flora do Brasil
Blanchetia heterosticha,Blanchetia heterotricha,Blanchetia heterotricha,Flora do Brasil
Blanchetia heterotricha,Blanchetia heterotricha,Blanchetia heterotricha,Flora do Brasil
Centratherum confertum,Centratherum confertum,Centratherum camporum,Flora do Brasil
Centratherum involucratum,NA,NA,
Centratherum muticum,Centratherum punctatum,Centratherum punctatum,The Plant List
Centratherum punctatum,Centratherum punctatum,Centratherum punctatum,The Plant List
Centratherum punctatum parviflorum,NA,Centratherum punctatum,The Plant List
Centratherum punctatum punctatum,NA,Centratherum punctatum,The Plant List
Centratherum repens,NA,Centratherum repens,Loueille & Pirani (Phytotaxa)
Chresta aff. exsucca,Chresta aff. exsucca,NA,
Chresta amplexifolia,Chresta amplexifolia,Chresta amplexifolia,The Plant List
Chresta angustifolia,Chresta angustifolia,Chresta angustifolia,The Plant List
Chresta angustifolium,Chresta angustifolia,Chresta angustifolia,The Plant List
Chresta angustifolius,Chresta angustifolia,Chresta angustifolia,The Plant List
Chresta cordata,Chresta cordata,Chresta sphaerocephala,The Plant List
Chresta curumbensis,Chresta curumbensis,Chresta curumbensis,The Plant List
Chresta exsucca,Chresta exsucca,Chresta exsucca,The Plant List
Chresta exsuccus,Chresta exsucca,Chresta exsucca,The Plant List
Chresta filicifolia,Chresta filicifolia,Chresta filicifolia,Flora do Brasil
Chresta harleyi,Chresta harleyi,Chresta harleyi,The Plant List
Chresta harmsianus,NA,NA,
Chresta hatschbachii,Chresta hatschbachii,Chresta hatschbachii,Flora do Brasil
Chresta imbricatus,NA,NA,
Chresta martii,Chresta martii,Chresta martii,The Plant List
Chresta pacourinoides capitata,NA,NA,
Chresta pacourinoides,Chresta pacourinoides,Chresta pacourinoides,Flora do Brasil
Chresta pinnatifida,Chresta pinnatifida,Chresta pinnatifida,The Plant List
Chresta pinnatifidum,Chresta pinnatifida,Chresta pinnatifida,The Plant List
Chresta plantaginifolia,Chresta plantaginifolia,Chresta plantaginifolia,The Plant List
Chresta plantaginifolium,Chresta plantaginifolia,Chresta plantaginifolia,The Plant List
Chresta plantaginifolius,Chresta plantaginifolia,Chresta plantaginifolia,The Plant List
Chresta purpureus,NA,NA,
Chresta pycnocephala,Chresta pycnocephala,Chresta pycnocephala,The Plant List
Chresta pycnocephalus,Chresta pycnocephala,Chresta pycnocephala,The Plant List
Chresta rivularis,Cypella rivularis,NA,
Chresta scapigera,Chresta scapigera,Chresta scapigera,The Plant List
Chresta scapigerus,Chresta scapigera,Chresta scapigera,The Plant List
Chresta souzae,Chresta souzae,Chresta souzae,The Plant List
Chresta speciosa,Chresta speciosa,Chresta speciosa,The Plant List
Chresta speciosus,Chresta speciosa,Chresta speciosa,The Plant List
Chresta sphaeocephala,Chresta sphaerocephala,Chresta sphaerocephala,The Plant List
Chresta sphaerocephala,Chresta sphaerocephala,Chresta sphaerocephala,The Plant List
Chresta sphaerocephalus,Chresta sphaerocephala,Chresta sphaerocephala,The Plant List
Chresta spherocephala,Chresta sphaerocephala,Chresta sphaerocephala,The Plant List
Chresta spherochepala,Chresta sphaerocephala,Chresta sphaerocephala,The Plant List
Chresta subverticillata,NA,Chresta subverticillata,Flora do Brasil
Chronopappus bifrons,Chronopappus bifrons,Chronopappus bifrons,The Plant List
Chronopappus lanatus,NA,Chronopappus lanatus,Flora do Brasil
Elephantopus angustifolius,Elephantopus angustifolius,Orthopappus angustifolius,The Plant List
Elephantopus biflorus,Elephantopus biflorus,Elephantopus biflorus,The Plant List
Elephantopus cf. mollis,Elephantopus cf. mollis,NA,
Elephantopus curtiflora,Elephantopus hirtiflorus,NA,
Elephantopus elongatus,Elephantopus elongatus,Elephantopus elongatus,The Plant List
Elephantopus erectus,Elephantopus erectus,Elephantopus erectus,The Plant List
Elephantopus hintifloris,Elephantopus hirtiflorus,Elephantopus hirtiflorus,The Plant List
Elephantopus hirtiflorus,Elephantopus hirtiflorus,Elephantopus hirtiflorus,The Plant List
Elephantopus hirtifolius,Elephantopus hirtiflorus,Elephantopus hirtiflorus,The Plant List
Elephantopus micropappus,Elephantopus micropappus,Elephantopus micropappus,The Plant List
Elephantopus mollis,Elephantopus mollis,Elephantopus mollis,The Plant List
Elephantopus palustris,Elephantopus palustris,Elephantopus palustris,The Plant List
Elephantopus racemosus,Elephantopus racemosus,Elephantopus palustris,The Plant List
Elephantopus riparius,Elephantopus riparius,Elephantopus palustris,The Plant List
Eremanthus aff. incanus,Eremanthus aff. incanus,NA,
Eremanthus angustifolius,Eremanthus angustifolius,Chresta angustifolia,The Plant List
Eremanthus arborea,Eremanthus arboreus,Eremanthus arboreus,The Plant List
Eremanthus arboreus,Eremanthus arboreus,Eremanthus arboreus,The Plant List
Eremanthus argenteus,Eremanthus argenteus,Eremanthus argenteus,The Plant List
Eremanthus atkinsiae,NA,NA,
Eremanthus auriculatus,Eremanthus auriculatus,Eremanthus auriculatus,The Plant List
Eremanthus bicolor,Eremanthus bicolor,Eremanthus bicolor,The Plant List
Eremanthus brasiliensis,Eremanthus brasiliensis,Eremanthus brasiliensis,The Plant List
Eremanthus brevifolius,Eremanthus brevifolius,Eremanthus brevifolius,Flora do Brasil
Eremanthus capitatus,Eremanthus capitatus,Eremanthus capitatus,The Plant List
Eremanthus cinctus,Eremanthus cinctus,Eremanthus cinctus,The Plant List
Eremanthus crotonoides,Eremanthus crotonoides,Eremanthus crotonoides,The Plant List
Eremanthus discolor,Eremanthus bicolor,NA,
Eremanthus elaeagnus,Eremanthus elaeagnus,Eremanthus elaeagnus,The Plant List
Eremanthus elaeagnus x glomeratus,NA,NA,
Eremanthus elaegnus,Eremanthus elaeagnus,Eremanthus elaeagnus,The Plant List
Eremanthus eleagnus,Eremanthus elaeagnus,Eremanthus elaeagnus,The Plant List
Eremanthus eriopus,Eremanthus speciosus,Prestelia eriopus,The Plant List
Eremanthus erythopappus,Eremanthus erythropappus,Eremanthus erythropappus,The Plant List
Eremanthus erythropappa,Eremanthus erythropappus,Eremanthus erythropappus,The Plant List
Eremanthus erythropappus,Eremanthus erythropappus,Eremanthus erythropappus,The Plant List
Eremanthus glaziouana,NA,NA,
Eremanthus glomeratus,Eremanthus glomerulatus,Eremanthus glomeratus,The Plant List
Eremanthus glomerulatus,Eremanthus glomerulatus,Eremanthus glomerulatus,The Plant List
Eremanthus goyazensis,Eremanthus goyazensis,Eremanthus goyazensis,The Plant List
Eremanthus graciellae,Eremanthus graciellae,Eremanthus graciellae,The Plant List
Eremanthus harleyi,Eremanthus harleyi,Eremanthus harleyi,The Plant List
Eremanthus hatschbachii,Eremanthus hatschbachii,Eremanthus hatschbachii,The Plant List
Eremanthus incana,Eremanthus incanus,NA,
Eremanthus incanum,Eremanthus incanus,Eremanthus incanus,The Plant List
Eremanthus incanus,Eremanthus incanus,Eremanthus incanus,The Plant List
Eremanthus leucodendron,Eremanthus leucodendron,Eremanthus leucodendron,The Plant List
Eremanthus martii,Eremanthus pabstii,NA,
Eremanthus mattogrossensis,Eremanthus mattogrossensis,Eremanthus mattogrossensis,The Plant List
Eremanthus mollis,Eremanthus mollis,Eremanthus mollis,The Plant List
Eremanthus ovatifolius,Eremanthus ovatifolius,Eremanthus ovatifolius,Flora do Brasil
Eremanthus pabstii,Eremanthus pabstii,Eremanthus pabstii,The Plant List
Eremanthus panduraefolius,Eremanthus pandurifolius,Eremanthus cinctus,Flora do Brasil
Eremanthus pandurifolius,Eremanthus pandurifolius,Eremanthus cinctus,Flora do Brasil
Eremanthus pannosa,Eremanthus pannosus,Eremanthus mollis,Flora do Brasil
Eremanthus pannosus,Eremanthus pannosus,Eremanthus mollis,Flora do Brasil
Eremanthus patriciana,NA,NA,
Eremanthus plantaginifolius,Eremanthus plantaginifolius,Chresta plantaginifolia,Flora do Brasil
Eremanthus pohlii,Eremanthus pohlii,Eremanthus pohlii,The Plant List
Eremanthus polycephalus,Eremanthus polycephalus,Eremanthus polycephalus,The Plant List
Eremanthus pycnocephalus,Eremanthus pycnocephalus,Chresta pycnocephala,Flora do Brasil
Eremanthus reflexoauriculata,Eremanthus reflexo-auriculatus,Eremanthus reflexoauriculatus,The Plant List
Eremanthus reflexo-auriculatus,Eremanthus reflexo-auriculatus,Eremanthus reflexoauriculatus,The Plant List
Eremanthus reticulatus,Eremanthus auriculatus,Eremanthus reticulatus,comb. nov. 
Eremanthus rondoniensis,Eremanthus rondoniensis,Eremanthus rondoniensis,The Plant List
Eremanthus santosii,Eremanthus santosii,Eremanthus santosii,The Plant List
Eremanthus scapigerus,Eremanthus scapigerus,Chresta scapigera,Flora do Brasil
Eremanthus seidelii,Eremanthus seidelii,Eremanthus seidelii,The Plant List
Eremanthus sphaerocephalus,Eremanthus sphaerocephalus,Chresta sphaerocephala,Flora do Brasil
Eremanthus syncephalus,Eremanthus pycnocephalus,Eremanthus syncephalus,comb. nov. 
Eremanthus undesignated,NA,NA,
Eremanthus uniflorus,Eremanthus uniflorus,Eremanthus uniflorus,The Plant List
Eremanthus veadeiroensis,Eremanthus veadeiroensis,Eremanthus veadeiroensis,The Plant List
Gorceixia decurrens,Gorceixia decurrens,Gorceixia decurrens,The Plant List
Haplostephium passerina,Haplostephium passerina,Lychnophora passerina,The Plant List
Heterocoma albida,Heterocoma albida,Heterocoma albida,The Plant List
Heterocoma ekmaniana,Heterocoma ekmaniana,Heterocoma ekmaniana,Flora do Brasil
Heterocoma ekmanianum,Heterocoma ekmaniana,Heterocoma ekmaniana,Flora do Brasil
Heterocoma erecta,Heterocoma erecta,Heterocoma erecta,Flora do Brasil
Heterocoma gracilis,Heterocoma gracilis,Heterocoma gracilis,Flora do Brasil
Heterocoma lanuginosa,Heterocoma lanuginosa,Heterocoma lanuginosa,Flora do Brasil
Heterocoma robinsoniana,Heterocoma robinsoniana,Heterocoma robinsoniana,Flora do Brasil
Hololepis hatschbachii,Hololepis hatschbachii,Hololepis hatschbachii,The Plant List
Hololepis involucrata,Hololepis involucrata,Hololepis pedunculata,The Plant List
Hololepis pedunculara,Hololepis pedunculata,Hololepis pedunculata,The Plant List
Hololepis pedunculata,Hololepis pedunculata,Hololepis pedunculata,The Plant List
Lychnocephalus cipoensis,NA,NA,
Lychnocephalus sellowii,NA,Lychnocephalus sellowii,comb. nov. 
Lychnocephalus tomentosus,Lychnocephalus tomentosus,Lychnocephalus tomentosa,The Plant List
Lychnophora albertinioides,Lychnophora albertinioides,Lychnophora albertinioides,The Plant List
Lychnophora bahiensis,Lychnophora bahiensis,Lychnophora bahiensis,The Plant List
Lychnophora bishopii,Lychnophora bishopii,Lychnophora bishopii,The Plant List
Lychnophora blanchetii,Lychnophora blanchetii,Lychnophora blanchetii,The Plant List
Lychnophora blanchetti,Lychnophora blanchetii,Lychnophora blanchetii,The Plant List
Lychnophora brunioides,Lychnophora brunioides,Lychnophora brunioides,The Plant List
Lychnophora candelabrum,Lychnophora candelabrum,Lychnophora candelabrum,Flora do Brasil
Lychnophora cipoensis,Lychnophora bahiensis,NA,
Lychnophora crispa,Lychnophora crispa,Lychnophora crispa,The Plant List
Lychnophora damazioi,Lychnophora damazioi,Lychnophora damazioi,Flora do Brasil
Lychnophora damozisi,Lychnophora damazioi,Lychnophora damazioi,Flora do Brasil
Lychnophora diamantinana,Lychnophora diamantinana,Lychnophora diamantinana,The Plant List
Lychnophora diamantiniana,Lychnophora diamantinana,Lychnophora diamantinana,The Plant List
Lychnophora ericoides leucopholis,NA,NA,
Lychnophora ericoides,Lychnophora ericoides,Lychnophora ericoides,The Plant List
Lychnophora gardneri,Lychnophora gardneri,Lychnophora gardneri,Flora do Brasil
Lychnophora granmogolense,Lychnophora granmogolensis,Lychnophora granmogolensis,The Plant List
Lychnophora granmogolensi,Lychnophora granmogolensis,Lychnophora granmogolensis,The Plant List
Lychnophora granmogolensis,Lychnophora granmogolensis,Lychnophora granmogolensis,The Plant List
Lychnophora harleyi,Lychnophora harleyi,Lychnophora harleyi,The Plant List
Lychnophora hatschbachii,Lychnophoriopsis hatschbachii,Lychnophora hatschbachii,Flora do Brasil
Lychnophora heterotheca,Lychnophora heterotheca,NA,
Lychnophora humillima,Lychnophora humillima,Lychnophora humillima,The Plant List
Lychnophora jeffreyi,Lychnophora jeffreyi,Lychnophora jeffreyi,The Plant List
Lychnophora joliana,Lychnophora martiana,Unresolved,The Plant List
Lychnophora kingii,Lychnophora morii,NA,
Lychnophora liniflora,Lychnophora uniflora,NA,
Lychnophora luetzelburgii,Lychnophora luetzelburgii,Lychnophora salicifolia,The Plant List
Lychnophora marcgravii,Lychnophora markgravii,Lychnophora markgravii,The Plant List
Lychnophora markgravii,Lychnophora markgravii,Lychnophora markgravii,The Plant List
Lychnophora martiana,Lychnophora martiana,Lychnophora martiana,Flora do Brasil
Lychnophora mello-barretoi,Lychnophora mello-barretoi,Lychnophora mellobarretoi,Flora do Brasil
Lychnophora mellosilvae,NA,NA,
Lychnophora montesclarensis,NA,NA,
Lychnophora morii,Lychnophora morii,Lychnophorella morii,Flora do Brasil
Lychnophora mutica,Lychnophora martiana,NA,
Lychnophora nanuzae,Lychnophora nanuzae,Lychnophora nanuzae,Flora do Brasil
Lychnophora passerina,Lychnophora passerina,Lychnophora passerina,The Plant List
Lychnophora phylicaefolia,Lychnophora phylicifolia,Lychnophora phylicifolia,The Plant List
Lychnophora phylicifolia,Lychnophora phylicifolia,Lychnophora phylicifolia,The Plant List
Lychnophora pinaster,Lychnophora pinaster,Lychnophora ericoides,The Plant List
Lychnophora platyneura,Lychnophora platyneura,Lychnophora ericoides,The Plant List
Lychnophora pohlii,Lychnophora pohlii,Lychnophora pohlii,The Plant List
Lychnophora prostrata,Lychnophora passerina,Unresolved,The Plant List
Lychnophora pseudovillosissima,Lychnophora villosissima,Lychnophora pseudovillosissima,The Plant List
Lychnophora ramosissima,Lychnophora ramosissima,Lychnophora ramosissima,The Plant List
Lychnophora regis,Lychnophora regis,Lychnophora regis,The Plant List
Lychnophora reticulata,Lychnophora reticulata,Lychnophora reticulata,The Plant List
Lychnophora riedelii,Lychnophora riedelli,Lychnophora riedelli,The Plant List
Lychnophora rosmarinifolia,Lychnophora rosmarinifolia,Lychnophora rosmarinifolia,The Plant List
Lychnophora rupestris,Lychnophora rupestris,Lychnophora rupestris,Flora do Brasil
Lychnophora salicifolia,Lychnophora salicifolia,Lychnophora salicifolia,The Plant List
Lychnophora santosii,Lychnophora santosii,Lychnophorella santosii,Flora do Brasil
Lychnophora sartorii,Lychnophora santosii,Lychnophorella santosii,Flora do Brasil
Lychnophora sellowii,Lychnophora sellowii,Lychnophora sellowii,The Plant List
Lychnophora sericea,Lychnophora sericea,Lychnophorella sericea,Flora do Brasil
Lychnophora souzae,Lychnophora souzae,Lychnophora souzae,The Plant List
Lychnophora spiciformis,Lychnophora salicifolia,Lychnophora spiciformis,Flora do Brasil
Lychnophora staavioides,Lychnophora staavioides,Lychnophora staavioides,The Plant List
Lychnophora syncephala,Lychnophora syncephala,Lychnophora reticulata,The Plant List
Lychnophora tomentosa,Lychnophora tomentosa,Lychnophora tomentosa,The Plant List
Lychnophora tomentosus,Lychnophora tomentosa,Lychnophora tomentosa,The Plant List
Lychnophora trichocarpha,Lychnophora trichocarpha,Lychnophora trichocarpha,The Plant List
Lychnophora triflora,Lychnophora triflora,Lychnophora triflora,The Plant List
Lychnophora undesignated,NA,NA,
Lychnophora uniflora,Lychnophora uniflora,Lychnophora uniflora,The Plant List
Lychnophora villosissima,Lychnophora villosissima,Lychnophora villosissima,The Plant List
Lychnophorella bishopii,Lychnophora bishopii,Lychnophorella bishopii,Flora do Brasil
Lychnophorella granmogolensis,Lychnophora granmogolensis,Lychnophora granmogolensis,Flora do Brasil
Lychnophorella jacobinensis,NA,Lychnophorella jacobinensis,Flora do Brasil
Lychnophorella leucodendron,NA,Lychnophorella leucodendron,Flora do Brasil
Lychnophorella morii,Lychnophora morii,Lychnophorella morii,Flora do Brasil
Lychnophorella regis,Lychnophora regis,Lychnophorella regis,Flora do Brasil
Lychnophorella santosii,Lychnophora santosii,Lychnophorella santosii,Flora do Brasil
Lychnophorella sericea,Lychnophora sericea,Lychnophorella sericea,Flora do Brasil
Lychnophorella triflora,Lychnophora triflora,Lychnophorella triflora,Flora do Brasil
Lychnophoriopsis candelabrum,Lychnophoriopsis candelabrum,Lychnophoriopsis candelabrum,The Plant List
Lychnophoriopsis damazioi,Lychnophoriopsis damazioi,Lychnophoriopsis damazioi,The Plant List
Lychnophoriopsis damazoi,Lychnophoriopsis damazioi,Lychnophoriopsis damazioi,The Plant List
Lychnophoriopsis hatschbachii,Lychnophoriopsis hatschbachii,Lychnophoriopsis hatschbachii,The Plant List
Lychnophoriopsis heterotheca,Lychnophoriopsis heterotheca,Lychnophoriopsis heterotheca,The Plant List
Maschalostachys markgrafii,Maschalostachys markgrafii,Maschalostachys markgrafii,Flora do Brasil
Maschalostachys mellosilvae,NA,Maschalostachys mellosilvae,Flora do Brasil
Minasia alpestris,Minasia alpestris,Minasia alpestris,The Plant List
Minasia cabralensis,Minasia cabralensis,Minasia cabralensis,The Plant List
Minasia cipoensis,Mikania cipoensis,Mikania cipoensis,Flora do Brasil
Minasia itacambiresis,NA,NA,
Minasia lewinsohnii,Minasia lewinsohnii,Minasia lewinsohnii,The Plant List
Minasia lewinsonii,Minasia lewinsohnii,Minasia lewinsohnii,The Plant List
Minasia pereirae,Minasia pereirae,Minasia pereirae,The Plant List
Minasia ramosa,Minasia ramosa,Minasia ramosa,Flora do Brasil
Minasia scapigera,Minasia scapigera,Minasia scapigera,The Plant List
Minasia spelettiae,Minasia splettiae,Minasia splettiae,The Plant List
Minasia splettiae,Minasia splettiae,Minasia splettiae,The Plant List
Paralychnophora atkinsiae,Paralychnophora atkinsiae,Paralychnophora atkinsiae,The Plant List
Paralychnophora bicolor,Paralychnophora bicolor,Paralychnophora bicolor,Flora do Brasil
Paralychnophora glaziouana,Paralychnophora glaziouana,Paralychnophora glaziouana,Flora do Brasil
Paralychnophora glaziovana,Paralychnophora glaziouana,Paralychnophora glaziouana,Flora do Brasil
Paralychnophora glazioviana,Paralychnophora glaziouana,Paralychnophora glaziouana,Flora do Brasil
Paralychnophora harleyi,Paralychnophora harleyi,Paralychnophora harleyi,The Plant List
Paralychnophora patriciana,Paralychnophora patriciana,Paralychnophora patriciana,The Plant List
Paralychnophora reflexoauriculata,Paralychnophora reflexoauriculata,Paralychnophora reflexoauriculata,Flora do Brasil
Paralychnophora reflexo-auriculatus,Paralychnophora reflexoauriculata,Paralychnophora reflexoauriculata,Flora do Brasil
Paralychnophora santosii,Paralychnophora santosii,Paralychnophora santosii,The Plant List
Paralychnophora schwackei,Paralychnophora harleyi,Paralychnophora bicolor,Flora do Brasil
Piptolepis brexoides,Piptolepis buxoides,Piptolepis buxoides,The Plant List
Piptolepis buxoides,Piptolepis buxoides,Piptolepis buxoides,The Plant List
Piptolepis campestris,Piptolepis campestris,Piptolepis campestris,Flora do Brasil
Piptolepis ericoides,Piptolepis ericoides,Piptolepis ericoides,Flora do Brasil
Piptolepis gardneri,Piptolepis gardneri,Piptolepis gardneri,The Plant List
Piptolepis glaziouana,Piptolepis glaziouana,Piptolepis glaziouana,The Plant List
Piptolepis imbricata,Piptolepis imbricata,Piptolepis imbricata,The Plant List
Piptolepis leptospermoides,Piptolepis leptospermoides,Piptolepis leptospermoides,The Plant List
Piptolepis martiana,Piptolepis martiana,Piptolepis martiana,The Plant List
Piptolepis monticola,Piptolepis monticola,Piptolepis monticola,Flora do Brasil
Piptolepis oleaster,Piptolepis oleaster,Piptolepis oleaster,The Plant List
Piptolepis pabstii,NA,Piptolepis pabstii,Flora do Brasil
Piptolepis pseudomyrtus,Piptolepis pseudomyrtus,Piptolepis monticola,Flora do Brasil
Piptolepis schultziana,Piptolepis schultziana,Piptolepis schultziana,Flora do Brasil
Pithecoseris pacourinioides,Pithecoseris pacourinoides,Pithecoseris pacourinoides,The Plant List
Pithecoseris pacourinoides,Pithecoseris pacourinoides,Pithecoseris pacourinoides,The Plant List
Proteopsis argenta,Proteopsis argentea,Proteopsis argentea,The Plant List
Proteopsis argentea,Proteopsis argentea,Proteopsis argentea,The Plant List
Proteopsis hermogenesii,NA,Proteopsis hermogenesii,Flora do Brasil
Rolandra argentea,Rolandra argentea,Rolandra fruticosa,The Plant List
Rolandra fruticosa,Rolandra fruticosa,Rolandra fruticosa,The Plant List
Soaresia velutina,Soaresia velutina,Soaresia velutina,The Plant List
Telmatophila scolymastrum,Telmatophila scolymastrum,Telmatophila scolymastrum,The Plant List
Vanillosmopsis arborea,Vanillosmopsis arborea,Eremanthus arboreus,The Plant List
Vanillosmopsis brasiliensis (garolu) shult bip.,NA,Eremanthus brasiliensis,The Plant List
Vanillosmopsis brasiliensis,Vanillosmopsis brasiliensis,Eremanthus brasiliensis,The Plant List
Vanillosmopsis capitata,Vanillosmopsis capitata,Eremanthus capitatus,The Plant List
Vanillosmopsis discolor,Vanillosmopsis discolor,Eremanthus capitatus,The Plant List
Vanillosmopsis erythropappa,Vanillosmopsis erythropappa,Eremanthus erythropappus,The Plant List
Vanillosmopsis erythropappus,Vanillosmopsis erythropappa,Eremanthus erythropappus,The Plant List
Vanillosmopsis polycephala,Vanillosmopsis polycephala,Eremanthus polycephalus,The Plant List
Vinicia tomentosa,Vinicia tomentosa,Vinicia tomentosa,The Plant List
