taxa,suggested,corrected,srcs
Paepalanthus acantholimon,Paepalanthus acantholimon,Paepalanthus acantholimon,The Plant List
Paepalanthus acanthophyllus,Paepalanthus acanthophyllus,Paepalanthus acanthophyllus,The Plant List
Paepalanthus acantophyllus,Paepalanthus acanthophyllus,Paepalanthus acanthophyllus,The Plant List
Paepalanthus actinocephaloides,Paepalanthus actinocephaloides,Paepalanthus actinocephaloides,The Plant List
Paepalanthus aculeatus,Paepalanthus aculeatus,Paepalanthus aculeatus,The Plant List
Paepalanthus acuminatus,Paepalanthus acuminatus,Paepalanthus acuminatus,The Plant List
Paepalanthus acutalis,Paepalanthus acutalis,Paepalanthus comans,The Plant List
Paepalanthus acutipilus,Paepalanthus acutipilus,Paepalanthus acutipilus,The Plant List
Paepalanthus aequalis,Paepalanthus aequalis,Paepalanthus aequalis,The Plant List
Paepalanthus aereus,Paepalanthus aereus,Paepalanthus aereus,The Plant List
Paepalanthus albescens,Paepalanthus albescens,Paepalanthus villosulus,The Plant List
Paepalanthus albiceps,Paepalanthus albiceps,Paepalanthus albiceps,The Plant List
Paepalanthus albidum,Paepalanthus albidus,Paepalanthus albidus,The Plant List
Paepalanthus albidus,Paepalanthus albidus,Paepalanthus albidus,The Plant List
Paepalanthus albo-lanatus,Paepalanthus albo-vaginatus,NA,
Paepalanthus albo-tomentosus,Paepalanthus albo-tomentosus,Paepalanthus albo-tomentosus,Flora do Brasil
Paepalanthus albotomentosus,Paepalanthus albo-tomentosus,Paepalanthus albo-tomentosus,Flora do Brasil
Paepalanthus albovaginatus fuscobracteatus,Paepalanthus albo-vaginatus var. fuscobracteatus,Paepalanthus albovaginatus var. fuscobracteatus,Flora do Brasil
Paepalanthus albovaginatus,Paepalanthus albovaginatus,Paepalanthus albovaginatus,Flora do Brasil
Paepalanthus albo-villosus,Paepalanthus albo-villosus,Paepalanthus albo-villosus,Flora do Brasil
Paepalanthus albovillosus,Paepalanthus albo-villosus,Paepalanthus albo-villosus,Flora do Brasil
Paepalanthus aleurophyllus,Paepalanthus aleurophyllus,Paepalanthus aleurophyllus,Flora do Brasil
Paepalanthus allemanii,Paepalanthus allemanii,Paepalanthus obtusifolius,Flora do Brasil
Paepalanthus almasensis,Paepalanthus almasensis,Paepalanthus almasensis,Flora do Brasil
Paepalanthus almosensis,Paepalanthus almasensis,Paepalanthus almasensis,Flora do Brasil
Paepalanthus altamirensis,Paepalanthus altamirensis,Paepalanthus altamirensis,Flora do Brasil
Paepalanthus amoenus curralensis,Paepalanthus amoenus var. curralensis,Paepalanthus amoenus ,Flora do Brasil
Paepalanthus amoenus,Paepalanthus amoenus,Paepalanthus amoenus,Flora do Brasil
Paepalanthus amoenus prolifer,Paepalanthus amoenus var. prolifer,Paepalanthus amoenus,Flora do Brasil
Paepalanthus amoenus var. curralensis,Paepalanthus amoenus var. curralensis,Paepalanthus amoenus,Flora do Brasil
Paepalanthus anamariae,Paepalanthus anamariae,Paepalanthus anamariae,The Plant List
Paepalanthus angustifolius,Paepalanthus angustifolius,Leiothrix angustifolia,The Plant List
Paepalanthus applanatus,Paepalanthus applanatus,Paepalanthus applanatus,The Plant List
Paepalanthus appressus,Paepalanthus appressus,Syngonanthus appressus,The Plant List
Paepalanthus archeri,Paepalanthus archeri,Paepalanthus archeri,The Plant List
Paepalanthus aremicola,Paepalanthus arenicola,Paepalanthus arenicola,The Plant List
Paepalanthus arenicola,Paepalanthus arenicola,Paepalanthus arenicola,The Plant List
Paepalanthus aretioides,Paepalanthus aretioides,Paepalanthus aretioides,The Plant List
Paepalanthus argenteus argenteus,Paepalanthus argenteus var. argenteus,Paepalanthus argenteus,The Plant List
Paepalanthus argenteus elatus,Paepalanthus argenteus var. elatus,Paepalanthus argenteus var. elatus,The Plant List
Paepalanthus argenteus,Paepalanthus argenteus,Paepalanthus argenteus,The Plant List
Paepalanthus argenteus viridis,Paepalanthus argenteus var. viridis,Paepalanthus latifolius,The Plant List
Paepalanthus argillicola,Paepalanthus argillicola,Paepalanthus argillicola,The Plant List
Paepalanthus argyrolinon,Paepalanthus argyrolinon,Paepalanthus argyrolinon,The Plant List
Paepalanthus argyropus,Paepalanthus argyropus,Paepalanthus argyropus,The Plant List
Paepalanthus argyrotrychus,Paepalanthus argyrotrychus,Paepalanthus argyrotrychus,Flora do Brasil
Paepalanthus armeria,Paepalanthus armeria,Paepalanthus armeria,The Plant List
Paepalanthus ascendens,Paepalanthus ascendens,Paepalanthus ascendens,The Plant List
Paepalanthus ater,Paepalanthus ater,Paepalanthus ater,The Plant List
Paepalanthus atrovaginatus,Paepalanthus atrovaginatus,Paepalanthus atrovaginatus,The Plant List
Paepalanthus augustus augustus,Paepalanthus augustus var. augustus,Paepalanthus augustus,The Plant List
Paepalanthus augustus,Paepalanthus augustus,Paepalanthus augustus,The Plant List
Paepalanthus augustus picensis,Paepalanthus augustus var. picensis,Paepalanthus augustus var. picensis,Flora do Brasil
Paepalanthus aureus,Paepalanthus aureus,Paepalanthus aureus,The Plant List
Paepalanthus balansae,Paepalanthus balansae,Paepalanthus balansae,The Plant List
Paepalanthus barauensis,Paepalanthus baraunensis,Paepalanthus baraunensis,The Plant List
Paepalanthus baraunensis,Paepalanthus baraunensis,Paepalanthus baraunensis,The Plant List
Paepalanthus barbiger,Paepalanthus barbiger,Paepalanthus barbiger,The Plant List
Paepalanthus barbulatus,Paepalanthus barbulatus,Paepalanthus barbulatus,The Plant List
Paepalanthus barreirensis,Paepalanthus barreirensis,Paepalanthus barreirensis,The Plant List
Paepalanthus benedicti,Paepalanthus benedictii,Paepalanthus benedictii,Flora do Brasil
Paepalanthus bifidus brevipes,NA,Paepalanthus bifidus ,The Plant List
Paepalanthus bifidus,Paepalanthus bifidus,Paepalanthus bifidus,The Plant List
Paepalanthus bifrons,Paepalanthus bifrons,Actinocephalus polyanthus var. bifrons,The Plant List
Paepalanthus blepharocnemis,Paepalanthus blepharocnemis,Paepalanthus aequalis,The Plant List
Paepalanthus blepharophorus,Paepalanthus blepharophorus,Paepalanthus blepharophorus,The Plant List
Paepalanthus bombacinus,Paepalanthus bombacinus,Paepalanthus bombacinus,The Plant List
Paepalanthus bongardii,Paepalanthus bongardii,Paepalanthus bongardii,The Plant List
Paepalanthus bonsai,Paepalanthus bonsai,Paepalanthus bonsai,The Plant List
Paepalanthus brachyphyllus,Paepalanthus brachyphyllus,Paepalanthus brachyphyllus,The Plant List
Paepalanthus brachypus brevipilosus,NA,Actinocephalus brachypus,The Plant List
Paepalanthus brachypus,Paepalanthus brachypus,Actinocephalus brachypus,The Plant List
Paepalanthus brevis,Paepalanthus brevis,Paepalanthus brevis,The Plant List
Paepalanthus bromelioides,Paepalanthus bromelioides,Paepalanthus bromelioides,The Plant List
Paepalanthus broyoides,Paepalanthus bryoides,Paepalanthus bryoides,The Plant List
Paepalanthus brunescens,Paepalanthus brunnescens,Paepalanthus brunnescens,The Plant List
Paepalanthus brunnescens,Paepalanthus brunnescens,Paepalanthus brunnescens,The Plant List
Paepalanthus bryoides,Paepalanthus bryoides,Paepalanthus bryoides,The Plant List
Paepalanthus bulbosus,Paepalanthus bulbosus,Paepalanthus bulbosus,The Plant List
Paepalanthus cachambuensis,Paepalanthus cachambuensis,Paepalanthus cachambuensis,The Plant List
Paepalanthus cacuminis,Paepalanthus cacuminis,Paepalanthus cacuminis,The Plant List
Paepalanthus caespititius,Paepalanthus caespititius,Paepalanthus caespititius,The Plant List
Paepalanthus caespititus,Paepalanthus caespititius,Paepalanthus caespititius,The Plant List
Paepalanthus caldensis,Paepalanthus caldensis,Paepalanthus caldensis,The Plant List
Paepalanthus callocephalus villosus,Paepalanthus callocephalus var. villosus,Paepalanthus callocephalus var. villosus,Flora do Brasil
Paepalanthus calulus,Paepalanthus calvulus,Paepalanthus calvulus,Flora do Brasil
Paepalanthus calvoides,Paepalanthus calvoides,Paepalanthus calvoides,Flora do Brasil
Paepalanthus calvulus,Paepalanthus calvulus,Paepalanthus calvulus,The Plant List
Paepalanthus calvus,Paepalanthus calvus,Paepalanthus calvus,The Plant List
Paepalanthus camptophyllus,Paepalanthus camptophyllus,Paepalanthus camptophyllus,The Plant List
Paepalanthus canastrensis,Paepalanthus canastrensis,Paepalanthus canastrensis,The Plant List
Paepalanthus candidus,Paepalanthus candidus,Paepalanthus candidus,The Plant List
Paepalanthus canescens atratus,Paepalanthus canescens var. atratus,Paepalanthus canescens var. atratus,Flora do Brasil
Paepalanthus canescens,Paepalanthus canescens,Paepalanthus canescens,The Plant List
Paepalanthus capanemae,Paepalanthus capanemae,Paepalanthus capanemae,The Plant List
Paepalanthus capaöensis,Paepalanthus caparoensis,Paepalanthus caparoensis,The Plant List
Paepalanthus caparoensis,Paepalanthus caparoensis,Paepalanthus caparoensis,The Plant List
Paepalanthus capillare,Paepalanthus capillaris,Paepalanthus capillaris,The Plant List
Paepalanthus capillaris,Paepalanthus capillaris,Paepalanthus capillaris,The Plant List
Paepalanthus capillatus,Paepalanthus capillatus,Paepalanthus capillatus,The Plant List
Paepalanthus capillifolius,Paepalanthus capillifolius,Paepalanthus capillifolius,The Plant List
Paepalanthus capitatus,Paepalanthus capitatus,Paepalanthus capitatus,The Plant List
Paepalanthus capito,Paepalanthus capito,Paepalanthus capito,The Plant List
Paepalanthus carvalhoi,Paepalanthus carvalhoi,Paepalanthus carvalhoi,The Plant List
Paepalanthus cassiae,Paepalanthus chaseae,Paepalanthus chaseae,The Plant List
Paepalanthus castaneus,Paepalanthus castaneus,Paepalanthus castaneus,The Plant List
Paepalanthus catharinae,Paepalanthus catharinae,Paepalanthus catharinae,The Plant List
Paepalanthus cephalopus,Paepalanthus cephalopus,Paepalanthus viridulus,The Plant List
Paepalanthus cephalotrichus,Paepalanthus cephalotrichus,Paepalanthus cephalotrichus,The Plant List
Paepalanthus chapadensis,Paepalanthus chapadensis,Paepalanthus trichopetalus,The Plant List
Paepalanthus chiquetensis,Paepalanthus chiquitensis,Paepalanthus chiquitensis,The Plant List
Paepalanthus chiquitensis,Paepalanthus chiquitensis,Paepalanthus chiquitensis,The Plant List
Paepalanthus chloeocephalus,Paepalanthus chlorocephalus,Paepalanthus chlorocephalus,The Plant List
Paepalanthus chloroblepharus,Paepalanthus chloroblepharus,Paepalanthus chlorocephalus,The Plant List
Paepalanthus chlorocephalus chlorocephalus,Paepalanthus callocephalus var. callocephalus,NA,
Paepalanthus chlorocephalus f. parviflorus,NA,Paepalanthus parviflorus,The Plant List
Paepalanthus chlorocephalus,Paepalanthus chlorocephalus,Paepalanthus chlorocephalus,The Plant List
Paepalanthus chlorocephalus parviflorus,Paepalanthus callocephalus var. villosus,Paepalanthus parviflorus,The Plant List
Paepalanthus chloronema,Paepalanthus chloronema,Paepalanthus chloronema,The Plant List
Paepalanthus chlorophyllus,Paepalanthus chlorophyllus,Paepalanthus chlorophyllus,The Plant List
Paepalanthus chrysolepis,Paepalanthus chrysolepis,Paepalanthus chrysolepis,The Plant List
Paepalanthus chrysolepsis,Paepalanthus chrysolepis,Paepalanthus chrysolepis,The Plant List
Paepalanthus chrysophorus,Paepalanthus chrysophorus,Paepalanthus chrysophorus,The Plant List
Paepalanthus ciliatus,Paepalanthus ciliatus,Actinocephalus ciliatus,The Plant List
Paepalanthus ciliolatus,Paepalanthus ciliolatus,Paepalanthus ciliolatus,The Plant List
Paepalanthus cinereus,Paepalanthus cinereus,Paepalanthus cinereus,The Plant List
Paepalanthus cipoensis,Paepalanthus cipoensis,Actinocephalus cipoensis,The Plant List
Paepalanthus clausenii,Paepalanthus clausenii,Paepalanthus clausenii,The Plant List
Paepalanthus clausseniananus,Paepalanthus claussenianus,Actinocephalus claussenianus,The Plant List
Paepalanthus claussenianus,Paepalanthus claussenianus,Actinocephalus claussenianus,The Plant List
Paepalanthus coloides,Paepalanthus coloides,Paepalanthus coloides,The Plant List
Paepalanthus comans,Paepalanthus comans,Paepalanthus comans,The Plant List
Paepalanthus comosus,Paepalanthus comosus,Paepalanthus comosus,The Plant List
Paepalanthus complanatus,Paepalanthus complanatus,Paepalanthus complanatus,The Plant List
Paepalanthus conduplicatus conduplicatus,Paepalanthus conduplicatus var. conduplicatus,Paepalanthus conduplicatus ,The Plant List
Paepalanthus conduplicatus,Paepalanthus conduplicatus,Paepalanthus conduplicatus,The Plant List
Paepalanthus conduplicatus pubescens,Paepalanthus conduplicatus var. pubescens,NA,
Paepalanthus conicus,Paepalanthus conicus,Paepalanthus conicus,The Plant List
Paepalanthus conjunctus,Paepalanthus conjunctus,Paepalanthus conjunctus,Flora do Brasil
Paepalanthus contasensis,Paepalanthus contasensis,Paepalanthus contasensis,The Plant List
Paepalanthus convexus,Paepalanthus congestus,Paepalanthus convexus,The Plant List
Paepalanthus cordatus,Paepalanthus cordatus,Paepalanthus cordatus,The Plant List
Paepalanthus corymboides,Paepalanthus corymboides,Paepalanthus melaleucus,The Plant List
Paepalanthus corymbosus,Paepalanthus corymbosus,Paepalanthus corymbosus,The Plant List
Paepalanthus coutöensis,Paepalanthus coutoensis,Actinocephalus coutoensis,The Plant List
Paepalanthus crateriformis,Paepalanthus crateriformis,Paepalanthus crateriformis,The Plant List
Paepalanthus crinitus,Paepalanthus crinitus,Paepalanthus crinitus,The Plant List
Paepalanthus cryocephalus,Paepalanthus cryocephalus,Paepalanthus cryocephalus,The Plant List
Paepalanthus cururensis,Paepalanthus cururensis,Paepalanthus cururensis,The Plant List
Paepalanthus cuspidatus,Paepalanthus cuspidatus,Paepalanthus cuspidatus,The Plant List
Paepalanthus cylindraceus,Paepalanthus cylindraceus,Paepalanthus cylindraceus,The Plant List
Paepalanthus dasynema,Paepalanthus dasynema,Paepalanthus dasynema,The Plant List
Paepalanthus decipiens,Paepalanthus decipiens,Paepalanthus caldensis,The Plant List
Paepalanthus densiflorus,Paepalanthus densiflorus,Syngonanthus densiflorus,The Plant List
Paepalanthus densifolios,Paepalanthus densifolius,Paepalanthus obtusifolius,The Plant List
Paepalanthus densifolius,Paepalanthus densifolius,Paepalanthus obtusifolius,The Plant List
Paepalanthus denudatus,Paepalanthus denudatus,Actinocephalus denudatus,The Plant List
Paepalanthus desperado,Paepalanthus desperado,Paepalanthus desperado,The Plant List
Paepalanthus diamantinensis,Paepalanthus diamantinensis,Paepalanthus diamantinensis,The Plant List
Paepalanthus dianthoides,Paepalanthus dianthoides,Paepalanthus dianthoides,The Plant List
Paepalanthus dichotomus,Paepalanthus dichotomus,Paepalanthus dichotomus,The Plant List
Paepalanthus dichromolepis,Paepalanthus dichromolepis,Paepalanthus dichromolepis,The Plant List
Paepalanthus diffusus,Paepalanthus diffusus,Actinocephalus diffusus,The Plant List
Paepalanthus digitiformis,Paepalanthus digitiformis,Paepalanthus digitiformis,The Plant List
Paepalanthus diplobetor,Paepalanthus diplobetor,Paepalanthus diplobetor,The Plant List
Paepalanthus distichophyllus gardneri,Paepalanthus distichophyllus var. gardneri,Paepalanthus distichophyllus,Flora do Brasil
Paepalanthus distichophyllus,Paepalanthus distichophyllus,Paepalanthus distichophyllus,The Plant List
Paepalanthus divaricatus,Paepalanthus divaricatus,Actinocephalus divaricatus,The Plant List
Paepalanthus divaricatus var. latifolia,Paepalanthus divaricatus var. latifolia,Actinocephalus divaricatus,The Plant List
Paepalanthus dupatya,Paepalanthus dupatya,Paepalanthus dupatya,The Plant List
Paepalanthus echinoides,Paepalanthus echinoides,Paepalanthus echinoides,Flora do Brasil
Paepalanthus elatus calvulus,Paepalanthus elatus var. calvulus,Paepalanthus calvulus,The Plant List
Paepalanthus elatus,Paepalanthus elatus,Paepalanthus argenteus var. elatus,The Plant List
Paepalanthus elongatulus,Paepalanthus elongatulus,Paepalanthus elongatulus,The Plant List
Paepalanthus elongatus angustifolia,Paepalanthus elongatus var. angustifolius,Paepalanthus elongatulus,The Plant List
Paepalanthus elongatus angustifolius,Paepalanthus elongatus var. angustifolius,Paepalanthus elongatulus,The Plant List
Paepalanthus elongatus ciliatus,Paepalanthus elongatus var. ciliatus,Paepalanthus elongatulus,The Plant List
Paepalanthus elongatus elongatus,Paepalanthus elongatus var. elongatus,Paepalanthus elongatulus,The Plant List
Paepalanthus elongatus glabrescens,Paepalanthus elongatus var. glabrescens,Paepalanthus elongatulus,The Plant List
Paepalanthus elongatus graminifolius,Paepalanthus elongatus var. graminifolius,Paepalanthus elongatulus,The Plant List
Paepalanthus elongatus helichrysoides,Paepalanthus elongatus var. helichrysoides,Paepalanthus elongatulus,The Plant List
Paepalanthus elongatus longibracteatus,Paepalanthus elongatus var. longibracteatus,Paepalanthus elongatulus,The Plant List
Paepalanthus elongatus longicaulis,NA,NA,
Paepalanthus elongatus,Paepalanthus elongatus,Paepalanthus elongatulus,The Plant List
Paepalanthus elongatus niger,Paepalanthus elongatus var. niger,Paepalanthus elongatulus,The Plant List
Paepalanthus elongatus pubescens,Paepalanthus elongatus var. pubescens,Paepalanthus elongatulus,The Plant List
Paepalanthus erctifolius,Paepalanthus erectifolius,Paepalanthus erectifolius,The Plant List
Paepalanthus erectifolius grandifolia,Paepalanthus erectifolius var. grandifolia,Paepalanthus chiquitensis,The Plant List
Paepalanthus erectifolius,Paepalanthus erectifolius,Paepalanthus erectifolius,The Plant List
Paepalanthus erictfolius,Paepalanthus erectifolius,Paepalanthus erectifolius,The Plant List
Paepalanthus erigeron,Paepalanthus erigeron,Paepalanthus erigeron,The Plant List
Paepalanthus erigeron pubescens,Paepalanthus erigeron var. pubescens,Paepalanthus erigeron,The Plant List
Paepalanthus eriocauloides,Paepalanthus eriocauloides,Paepalanthus eriocauloides,The Plant List
Paepalanthus eriophaeus,Paepalanthus eriophaeus,Paepalanthus eriophaeus,The Plant List
Paepalanthus euryphyllus,Paepalanthus euryphyllus,Paepalanthus euryphyllus,The Plant List
Paepalanthus exiguus,Paepalanthus exiguus,Paepalanthus exiguus,The Plant List
Paepalanthus extremensis,Paepalanthus extremensis,Paepalanthus extremensis,The Plant List
Paepalanthus falcatus,Paepalanthus falcatus,Paepalanthus pedunculatus,The Plant List
Paepalanthus fasciculatus icanensis,NA,Paepalanthus fasciculatus,The Plant List
Paepalanthus fasciculatus,Paepalanthus fasciculatus,Paepalanthus fasciculatus,The Plant List
Paepalanthus fasciculatus sphaerocephala,NA,Paepalanthus fasciculatus,The Plant List
Paepalanthus fasciculatus sphaerocephalus,NA,Paepalanthus fasciculatus,The Plant List
Paepalanthus fasciculifer capillifolius,Paepalanthus fasciculifer var. capillifolius,Paepalanthus fasciculifer var. capillifolius,Flora do Brasil
Paepalanthus fasciculifer,Paepalanthus fasciculifer,Paepalanthus fasciculifer,The Plant List
Paepalanthus fastigiatus,Paepalanthus fastigiatus,Paepalanthus fastigiatus,The Plant List
Paepalanthus filifolius,Paepalanthus falcifolius,NA,
Paepalanthus filosus,Paepalanthus filosus,Paepalanthus scirpeus,The Plant List
Paepalanthus fimbriatus,Paepalanthus fimbriatus,Actinocephalus fimbriatus,The Plant List
Paepalanthus flaccidus,Paepalanthus flaccidus,Paepalanthus flaccidus,The Plant List
Paepalanthus flavidulus,Paepalanthus flavorutilus,Syngonanthus flavidulus,The Plant List
Paepalanthus flavorutilus,Paepalanthus flavorutilus,Paepalanthus flavorutilus,The Plant List
Paepalanthus flexuosus,Paepalanthus flexuosus,Paepalanthus flexuosus,The Plant List
Paepalanthus freyreisii,Paepalanthus freyreissii,Paepalanthus freyreissii,The Plant List
Paepalanthus freyreissii,Paepalanthus freyreissii,Paepalanthus freyreissii,The Plant List
Paepalanthus freyreysii,Paepalanthus freyreissii,Paepalanthus freyreissii,The Plant List
Paepalanthus fuscus,Paepalanthus fuscus,Paepalanthus comans,The Plant List
Paepalanthus gardnerianus,Paepalanthus gardnerianus,Paepalanthus gardnerianus,The Plant List
Paepalanthus garimpensis,Paepalanthus garimpensis,Paepalanthus garimpensis,The Plant List
Paepalanthus geniculatus,Paepalanthus geniculatus,Paepalanthus geniculatus,The Plant List
Paepalanthus gibbosus,Paepalanthus gibbosus,Paepalanthus gibbosus,The Plant List
Paepalanthus giganteus,Paepalanthus giganteus,Paepalanthus chiquitensis,The Plant List
Paepalanthus glabrifolius,Paepalanthus glabrifolius,Paepalanthus glabrifolius,The Plant List
Paepalanthus glareosus,Paepalanthus glareosus,Paepalanthus glareosus,The Plant List
Paepalanthus glaziovii,Paepalanthus glaziovii,Actinocephalus falcifolius,The Plant List
Paepalanthus gleasonii,Paepalanthus gleasonii,Paepalanthus gleasonii,The Plant List
Paepalanthus globosus,Paepalanthus globosus,Paepalanthus globosus,The Plant List
Paepalanthus globulifer,Paepalanthus globulifer,Paepalanthus planifolius var. globulifer,The Plant List
Paepalanthus gneissicola,Paepalanthus gneissicola,Paepalanthus acantholimon,The Plant List
Paepalanthus gomesii,Paepalanthus gomesii,Paepalanthus gomesii,The Plant List
Paepalanthus goncalensis,Paepalanthus goncalensis,Paepalanthus comans,The Plant List
Paepalanthus goyazensis,Paepalanthus goyazensis,Syngonanthus goyazensis,The Plant List
Paepalanthus gracilis,Paepalanthus gracilis,Syngonanthus gracilis,The Plant List
Paepalanthus grandiflorus,Paepalanthus parviflorus,NA,
Paepalanthus grao-mogolensis,Paepalanthus grao-mogolensis,Paepalanthus grao-mogolensis,The Plant List
Paepalanthus graomogolensis,Paepalanthus grao-mogolensis,Paepalanthus grao-mogolensis,The Plant List
Paepalanthus graomongolensis,Paepalanthus grao-mogolensis,Paepalanthus grao-mogolensis,The Plant List
Paepalanthus guaraiensis,Paepalanthus guaraiensis,Paepalanthus guaraiensis,The Plant List
Paepalanthus gustavii,Paepalanthus gustavii,Paepalanthus canastrensis,The Plant List
Paepalanthus gyrotrichus,Paepalanthus gyrotrichus,Paepalanthus gyrotrichus,The Plant List
Paepalanthus habenulifer,Paepalanthus habenulifer,Paepalanthus senaeanus,The Plant List
Paepalanthus harleyi,Paepalanthus harleyi,Paepalanthus harleyi,The Plant List
Paepalanthus harmsii,Paepalanthus harmsii,Paepalanthus harmsii,The Plant List
Paepalanthus hatschbachii,Paepalanthus hatschbachii,Paepalanthus catharinae var. hatschbachii,The Plant List
Paepalanthus helichrysoides,Paepalanthus helichrysoides,Paepalanthus elongatus,The Plant List
Paepalanthus helminthorrhizus,Paepalanthus helminthorrhizus,Syngonanthus helminthorrhizus,The Plant List
Paepalanthus henriquei,Paepalanthus henriquei,Paepalanthus henriquei,The Plant List
Paepalanthus heteropus,Paepalanthus heteropus,Paepalanthus heteropus,The Plant List
Paepalanthus heterotrichus,Paepalanthus heterotrichus,Actinocephalus heterotrichus,The Plant List
Paepalanthus hilairei,Paepalanthus hilairei,Actinocephalus bongardii,The Plant List
Paepalanthus hispidissimus,Paepalanthus hispidissimus,Paepalanthus pulvinatus,The Plant List
Paepalanthus homomallus,Paepalanthus homomallus,Paepalanthus homomallus,The Plant List
Paepalanthus hydra,Paepalanthus hydra,Paepalanthus hydra,The Plant List
Paepalanthus hymenolepis,Paepalanthus hymenolepis,Paepalanthus hymenolepis,The Plant List
Paepalanthus implicatus,Paepalanthus implicatus,Paepalanthus implicatus,The Plant List
Paepalanthus incanus,Paepalanthus incanus,Paepalanthus incanus,The Plant List
Paepalanthus inopinatus,Paepalanthus inopinatus,Paepalanthus inopinatus,The Plant List
Paepalanthus itacambirensis,Paepalanthus itacambirensis,Paepalanthus itacambirensis,The Plant List
Paepalanthus itambeensis,Paepalanthus itambeensis,Paepalanthus itambeensis,The Plant List
Paepalanthus itatiaiensis,Paepalanthus itatiaiensis,Paepalanthus itatiaiensis,The Plant List
Paepalanthus ithyphyllus,Paepalanthus ithyphyllus,Actinocephalus ithyphyllus,The Plant List
Paepalanthus jordanensis,Paepalanthus jordanensis,Paepalanthus jordanensis,The Plant List
Paepalanthus klotzschiaanus,Paepalanthus klotzschianus,Paepalanthus klotzschianus,The Plant List
Paepalanthus klotzschianus,Paepalanthus klotzschianus,Paepalanthus klotzschianus,The Plant List
Paepalanthus koernickei,Paepalanthus koernickei,Paepalanthus koernickei,The Plant List
Paepalanthus lamarckii,Paepalanthus lamarckii,Paepalanthus lamarckii,The Plant List
Paepalanthus lamarkii,Paepalanthus lamarckii,Paepalanthus lamarckii,The Plant List
Paepalanthus lanatoalbus,Paepalanthus lanatoalbus,Paepalanthus argenteus,The Plant List
Paepalanthus lanatus,Paepalanthus lanatus,Paepalanthus lanatus,The Plant List
Paepalanthus lanceolatus,Paepalanthus lanceolatus,Paepalanthus melaleucus,The Plant List
Paepalanthus langsdorffii caracencis,Paepalanthus langsdorffii var. caracensis,Paepalanthus langsdorffii,The Plant List
Paepalanthus langsdorffii caracensis,Paepalanthus langsdorffii var. caracensis,Paepalanthus langsdorffii,The Plant List
Paepalanthus langsdorffii,Paepalanthus langsdorffii,Paepalanthus langsdorffii,The Plant List
Paepalanthus lanuginosus,Paepalanthus lanuginosus,Leiothrix curvifolia,The Plant List
Paepalanthus latifolius,Paepalanthus latifolius,Paepalanthus latifolius,The Plant List
Paepalanthus latipes,Paepalanthus latipes,Paepalanthus latipes,The Plant List
Paepalanthus laxifolius,Paepalanthus laxifolius,Paepalanthus laxifolius,The Plant List
Paepalanthus leiothricoides,Paepalanthus leiothricoides,Paepalanthus leiothricoides,The Plant List
Paepalanthus leiseringii,Paepalanthus leiseringii,Paepalanthus leiseringii,The Plant List
Paepalanthus lepidus,Paepalanthus lepidus,Paepalanthus lepidus,The Plant List
Paepalanthus leucoblepharus,Paepalanthus leucoblepharus,Paepalanthus leucoblepharus,The Plant List
Paepalanthus leucocephalus,Paepalanthus leucocephalus,Paepalanthus leucocephalus,The Plant List
Paepalanthus lingulatus,Paepalanthus lingulatus,Paepalanthus lingulatus,The Plant List
Paepalanthus longibracteatus,Paepalanthus longibracteatus,Paepalanthus longibracteatus,Flora do Brasil
Paepalanthus longicaulis glaber,Paepalanthus longicaulis var. glaber,Paepalanthus macropodus,The Plant List
Paepalanthus longicaulis,Paepalanthus longicaulis,Paepalanthus longicaulis,The Plant List
Paepalanthus longiciliatus,Paepalanthus longiciliatus,Paepalanthus longiciliatus,The Plant List
Paepalanthus longifolius,Paepalanthus longifolius,Paepalanthus longifolius,The Plant List
Paepalanthus longipes,Paepalanthus latipes,Paepalanthus latipes,The Plant List
Paepalanthus luetzelburgii,Paepalanthus luetzelburgii,Paepalanthus luetzelburgii,The Plant List
Paepalanthus lundii,Paepalanthus lundii,Paepalanthus lundii,The Plant List
Paepalanthus lycopodioides,Paepalanthus lycopodioides,Paepalanthus lycopodioides,The Plant List
Paepalanthus macaheensis,Paepalanthus macaheensis,Paepalanthus ovatus,The Plant List
Paepalanthus macer,Paepalanthus macer,Paepalanthus macer,The Plant List
Paepalanthus macer sp.,Paepalanthus sp.,Paepalanthus macer,The Plant List
Paepalanthus macrocaulon contasensis,Paepalanthus macrocaulon var. contasensis,Paepalanthus macrocaulon,The Plant List
Paepalanthus macrocaulon kingii,Paepalanthus macrocaulon var. kingii,Paepalanthus macrocaulon,The Plant List
Paepalanthus macrocaulon,Paepalanthus macrocaulon,Paepalanthus macrocaulon,The Plant List
Paepalanthus macrocephalus minarum,Paepalanthus macrocephalus var. minarum,Paepalanthus macrocephalus var. minarum,The Plant List
Paepalanthus macrocephalus,Paepalanthus macrocephalus,Paepalanthus macrocephalus,The Plant List
Paepalanthus macropodus glaber,Paepalanthus macropodus var. glaber,Paepalanthus macropodus var. glaber,The Plant List
Paepalanthus macropodus,Paepalanthus macropodus,Paepalanthus macropodus,The Plant List
Paepalanthus macrotrichus,Paepalanthus macrotrichus,Paepalanthus lundii,The Plant List
Paepalanthus macrotrichus puberulus,Paepalanthus macrotrichus var. puberulus,Paepalanthus lundii,The Plant List
Paepalanthus magalhaesii,Paepalanthus magalhaesii,Paepalanthus magalhaesii,The Plant List
Paepalanthus manicatus f. robusta,NA,Paepalanthus manicatus,The Plant List
Paepalanthus manicatus,Paepalanthus manicatus,Paepalanthus manicatus,The Plant List
Paepalanthus manicatus robusta,NA,Paepalanthus manicatus,The Plant List
Paepalanthus melaleucus,Paepalanthus melaleucus,Paepalanthus melaleucus,The Plant List
Paepalanthus melanthus,Paepalanthus melanthus,Paepalanthus melanthus,The Plant List
Paepalanthus mendoncianus,Paepalanthus mendoncianus,Paepalanthus mendoncianus,The Plant List
Paepalanthus mexiae,Paepalanthus mexiae,Paepalanthus mexiae,The Plant List
Paepalanthus microcaulon,Paepalanthus microcaulon,Paepalanthus microcaulon,The Plant List
Paepalanthus microphyllus,Paepalanthus microphyllus,Paepalanthus microphyllus,The Plant List
Paepalanthus minasensis,Paepalanthus minasensis,Paepalanthus minasensis,The Plant List
Paepalanthus minutulus,Paepalanthus minutulus,Paepalanthus minutulus,The Plant List
Paepalanthus mirabilis,Paepalanthus mirabilis,Paepalanthus senaeanus,The Plant List
Paepalanthus miser,Paepalanthus miser,Paepalanthus miser,The Plant List
Paepalanthus modestus,Paepalanthus congestus,Paepalanthus modestus,Flora do Brasil
Paepalanthus moedensis,Paepalanthus moedensis,Paepalanthus moedensis,The Plant List
Paepalanthus mollis itambeensis,Paepalanthus mollis var. itambeensis,Paepalanthus mollis var. itambeensis,Flora do Brasil
Paepalanthus mollis mollis,Paepalanthus mollis var. mollis,Paepalanthus mollis,The Plant List
Paepalanthus mollis,Paepalanthus mollis,Paepalanthus mollis,The Plant List
Paepalanthus multicapitatus,Paepalanthus multicostatus,Paepalanthus multicapitatus,The Plant List
Paepalanthus multicostatus,Paepalanthus multicostatus,Paepalanthus calvus,The Plant List
Paepalanthus myocephalus minor,Paepalanthus myocephalus var. minor,Paepalanthus myocephalus var. minor,The Plant List
Paepalanthus myocephalus,Paepalanthus myocephalus,Paepalanthus myocephalus,The Plant List
Paepalanthus myriophyllus,Paepalanthus myriophyllus,Paepalanthus myriophyllus,The Plant List
Paepalanthus nanus,Paepalanthus nanus,Paepalanthus nanus,The Plant List
Paepalanthus neglectus,Paepalanthus neglectus,Paepalanthus neglectus,The Plant List
Paepalanthus neocaldensis,Paepalanthus neocaldensis,Paepalanthus flaccidus,The Plant List
Paepalanthus niger,Paepalanthus miser,Paepalanthus niger,The Plant List
Paepalanthus nigrescens,Paepalanthus nigrescens,Paepalanthus nigrescens,The Plant List
Paepalanthus nigrescens pilosus,Paepalanthus nigrescens var. pilosus,Paepalanthus nigrescens,The Plant List
Paepalanthus nigrescens var. pilosa,Paepalanthus nigrescens var. pilosus,Paepalanthus nigrescens,The Plant List
Paepalanthus nigricaulis,Paepalanthus nigricaulis,Paepalanthus nigricaulis,The Plant List
Paepalanthus niveo-niger,Paepalanthus niveoniger,Paepalanthus superbus var. niveoniger,Flora do Brasil
Paepalanthus niveoniger,Paepalanthus niveoniger,Paepalanthus superbus var. niveoniger,Flora do Brasil
Paepalanthus nubigena,Paepalanthus nubigena,Leiothrix nubigena,The Plant List
Paepalanthus nudus,Paepalanthus nudus,Actinocephalus stereophyllus,The Plant List
Paepalanthus oblongifolius,Paepalanthus oblongifolius,Paepalanthus oblongifolius,The Plant List
Paepalanthus obtusifolius,Paepalanthus obtusifolius,Paepalanthus obtusifolius,The Plant List
Paepalanthus oerstedianus,Paepalanthus oerstedianus,Paepalanthus oerstedianus,The Plant List
Paepalanthus ovatus,Paepalanthus ovatus,Paepalanthus ovatus,The Plant List
Paepalanthus oxyphyllus,Paepalanthus oxyphyllus,Paepalanthus oxyphyllus,The Plant List
Paepalanthus pallidus,Paepalanthus pallidus,Paepalanthus pallidus,The Plant List
Paepalanthus parviflorus,Paepalanthus parviflorus,Paepalanthus parviflorus,The Plant List
Paepalanthus parvus,Paepalanthus parvus,Paepalanthus parvus,The Plant List
Paepalanthus pauciflorus,Paepalanthus pauciflorus,Paepalanthus spixianus,The Plant List
Paepalanthus paulinus,Paepalanthus paulinus,Paepalanthus paulinus,The Plant List
Paepalanthus pauperrimus,Paepalanthus pauperrimus,Paepalanthus subtilis,The Plant List
Paepalanthus pedunculatus,Paepalanthus pedunculatus,Paepalanthus pedunculatus,The Plant List
Paepalanthus perbracchiatus,Paepalanthus perbracchiatus,Paepalanthus perbracchiatus,The Plant List
Paepalanthus percrassus,Paepalanthus percrassus,Actinocephalus claussenianus,The Plant List
Paepalanthus perpusillus,Paepalanthus perpusillus,Paepalanthus perpusillus,The Plant List
Paepalanthus phaeocephalus foliosus,Paepalanthus phaeocephalus var. foliosus,Paepalanthus phaeocephalus,The Plant List
Paepalanthus phaeocephalus,Paepalanthus phaeocephalus,Paepalanthus phaeocephalus,The Plant List
Paepalanthus pilifer,Paepalanthus pilifer,Paepalanthus argenteus,The Plant List
Paepalanthus pilulifer,Paepalanthus pilulifer,Leiothrix pilulifera,The Plant List
Paepalanthus plagiostigma,Paepalanthus plagiostigma,Paepalanthus plagiostigma,The Plant List
Paepalanthus planifolius,Paepalanthus planifolius,Paepalanthus planifolius,The Plant List
Paepalanthus planifolius villosus,Paepalanthus planifolius var. villosus,Paepalanthus planifolius,The Plant List
Paepalanthus plantagineus,Paepalanthus plantagineus,Paepalanthus plantagineus,The Plant List
Paepalanthus plantago,Paepalanthus plantago,Leiothrix curvifolia var. plantago,The Plant List
Paepalanthus plumipes,Paepalanthus plumipes,Actinocephalus polyanthus var. plumipes,The Plant List
Paepalanthus plumosus,Paepalanthus plumosus,Paepalanthus plumosus,The Plant List
Paepalanthus polyandrus,Paepalanthus polyandrus,Paepalanthus polyandrus,The Plant List
Paepalanthus polyanthus,Paepalanthus polyanthus,Actinocephalus polyanthus var. plumipes,The Plant List
Paepalanthus polycladus,Paepalanthus polycladus,Paepalanthus polycladus,The Plant List
Paepalanthus polygonus,Paepalanthus polygonus,Paepalanthus polygonus,The Plant List
Paepalanthus polytrichoides glaber,Paepalanthus polytrichoides var. glaber,Paepalanthus polytrichoides,The Plant List
Paepalanthus polytrichoides,Paepalanthus polytrichoides,Paepalanthus polytrichoides,The Plant List
Paepalanthus praemorsus,Paepalanthus praemorsus,Paepalanthus praemorsus,The Plant List
Paepalanthus prostratum,Paepalanthus prostratus,Paepalanthus prostratus,The Plant List
Paepalanthus prostratus,Paepalanthus prostratus,Paepalanthus prostratus,The Plant List
Paepalanthus pruinosus,Paepalanthus pruinosus,Paepalanthus pruinosus,The Plant List
Paepalanthus pseudoelongatus,Paepalanthus pseudoelongatus,Paepalanthus pseudoelongatus,The Plant List
Paepalanthus pseudotortilis,Paepalanthus pseudotortilis,Paepalanthus pseudotortilis,The Plant List
Paepalanthus pubescens,Paepalanthus pubescens,Paepalanthus pubescens,The Plant List
Paepalanthus pulchellus,Paepalanthus pulchellus,Paepalanthus pulchellus,The Plant List
Paepalanthus pulchellus puberulentus,Paepalanthus pulchellus var. puberulentus,Paepalanthus pulchellus,The Plant List
Paepalanthus pullus,Paepalanthus pullus,Paepalanthus pullus,The Plant List
Paepalanthus pulvinatus,Paepalanthus pulvinatus,Paepalanthus pulvinatus,The Plant List
Paepalanthus ramosissimus,Paepalanthus ramosissimus,Actinocephalus ramosus,The Plant List
Paepalanthus ramosus affinis,Paepalanthus ramosus var. affinis,Actinocephalus ramosus,The Plant List
Paepalanthus ramosus,Paepalanthus ramosus,Actinocephalus ramosus,The Plant List
Paepalanthus rectifolius,Paepalanthus rectifolius,Paepalanthus rectifolius,Flora do Brasil
Paepalanthus reflexus,Paepalanthus reflexus,Paepalanthus reflexus,The Plant List
Paepalanthus refractifolius,Paepalanthus refractifolius,Paepalanthus refractifolius,The Plant List
Paepalanthus regalis,Paepalanthus regalis,Paepalanthus regalis,The Plant List
Paepalanthus regalis recurva,Paepalanthus regalis var. recurvata,Paepalanthus regalis,The Plant List
Paepalanthus regelianus,Paepalanthus regelianus,Paepalanthus regelianus,The Plant List
Paepalanthus restingensis,Paepalanthus serrinhensis,Paepalanthus restingensis,The Plant List
Paepalanthus revolutus,Paepalanthus revolutus,Paepalanthus revolutus,The Plant List
Paepalanthus rhizocephalus,Paepalanthus rhizocephalus,Paepalanthus rhizocephalus,The Plant List
Paepalanthus rhizomatosus,Paepalanthus rhizomatosus,Paepalanthus rhizomatosus,The Plant List
Paepalanthus riedelianus,Paepalanthus riedelianus,Paepalanthus riedelianus,The Plant List
Paepalanthus rigidus,Paepalanthus rigidus,Actinocephalus rigidus,The Plant List
Paepalanthus robustus,Paepalanthus robustus,Actinocephalus robustus,The Plant List
Paepalanthus ruficeps,Paepalanthus ruficeps,Paepalanthus ruficeps,The Plant List
Paepalanthus rufoalbus,Paepalanthus rufo-albus,Paepalanthus rufoalbus,The Plant List
Paepalanthus rugrescens,Paepalanthus nigrescens,NA,
Paepalanthus rupestre,Paepalanthus rupestris,Paepalanthus rupestris,The Plant List
Paepalanthus rupestris,Paepalanthus rupestris,Paepalanthus rupestris,The Plant List
Paepalanthus salticola,Paepalanthus salticola,Paepalanthus tortilis,The Plant List
Paepalanthus saxatilis,Paepalanthus saxatilis,Paepalanthus saxatilis,The Plant List
Paepalanthus saxicola,Paepalanthus saxicola,Paepalanthus saxicola,The Plant List
Paepalanthus saxicola pilosus,Paepalanthus saxicola var. pilosus,Paepalanthus saxicola,The Plant List
Paepalanthus scandens almasensis,Paepalanthus scandens var. almasensis,Paepalanthus stannardii,The Plant List
Paepalanthus scandens,Paepalanthus scandens,Paepalanthus scandens,The Plant List
Paepalanthus scholiophyllus,Paepalanthus scholiophyllus,Paepalanthus scholiophyllus,The Plant List
Paepalanthus schuechianus,Paepalanthus schuechianus,Paepalanthus schuechianus,The Plant List
Paepalanthus scirpeum,Paepalanthus scirpeus,Paepalanthus scirpeus,The Plant List
Paepalanthus scirpeus,Paepalanthus scirpeus,Paepalanthus scirpeus,The Plant List
Paepalanthus scleranthus,Paepalanthus scleranthus,Paepalanthus scleranthus,The Plant List
Paepalanthus scytophyllus,Paepalanthus scytophyllus,Paepalanthus scytophyllus,The Plant List
Paepalanthus sedoides,Paepalanthus sedoides,Paepalanthus sedoides,The Plant List
Paepalanthus senaeanus,Paepalanthus senaeanus,Paepalanthus senaeanus,The Plant List
Paepalanthus senaianus,Paepalanthus senaeanus,Paepalanthus senaeanus,The Plant List
Paepalanthus seneanus,Paepalanthus senaeanus,Paepalanthus senaeanus,The Plant List
Paepalanthus sericeus,Paepalanthus sericeus,Paepalanthus sericeus,The Plant List
Paepalanthus serpens,Paepalanthus serpens,Paepalanthus serpens,Flora do Brasil
Paepalanthus sessiliflorus,Paepalanthus sessiliflorus,Paepalanthus sessiliflorus,The Plant List
Paepalanthus sicaefolius,Paepalanthus sicaefolius,Paepalanthus sicaefolius,Flora do Brasil
Paepalanthus silveirae,Paepalanthus silveirae,Paepalanthus silveirae,The Plant List
Paepalanthus similis,Paepalanthus similis,Actinocephalus polyanthus ,The Plant List
Paepalanthus singularius,Paepalanthus singularius,Paepalanthus singularius,The Plant List
Paepalanthus spathulatus,Paepalanthus spathulatus,Paepalanthus spathulatus,The Plant List
Paepalanthus speciosus angustifolius,Paepalanthus speciosus var. angustifolius,Paepalanthus chiquitensis,The Plant List
Paepalanthus speciosus attenuatus,Paepalanthus speciosus var. attenuatus,Paepalanthus chiquitensis,The Plant List
Paepalanthus speciosus calvescens,Paepalanthus speciosus var. calvescens,Paepalanthus chiquitensis,The Plant List
Paepalanthus speciosus chlorocephalus,Paepalanthus speciosus var. chlorocephalus,Paepalanthus erectifolius,The Plant List
Paepalanthus speciosus glaber,Paepalanthus speciosus var. glaber,Paepalanthus erectifolius,The Plant List
Paepalanthus speciosus,Paepalanthus speciosus,Actinocephalus polyanthus ,The Plant List
Paepalanthus speciosus pulverulentus,Paepalanthus speciosus var. pulverulentus,Paepalanthus chiquitensis,The Plant List
Paepalanthus speciosus var. chlorocephala,Paepalanthus speciosus var. chlorocephalus,Paepalanthus erectifolius,The Plant List
Paepalanthus speleicola,Paepalanthus speleicolus,Paepalanthus speleicola,The Plant List
Paepalanthus sphaenocephalus,Paepalanthus sphaerocephalus,Paepalanthus sphaerocephalus,The Plant List
Paepalanthus sphaerocephalus,Paepalanthus sphaerocephalus,Paepalanthus sphaerocephalus,The Plant List
Paepalanthus sphaeroides,Paepalanthus sphaeroides,Paepalanthus sphaeroides,Flora do Brasil
Paepalanthus spirifer,Paepalanthus spirifer,Actinocephalus polyanthus ,The Plant List
Paepalanthus spirophorus,Paepalanthus spirophorus,Paepalanthus spirophorus,The Plant List
Paepalanthus spixiana,Paepalanthus spixianus,NA,
Paepalanthus spixianus,Paepalanthus spixianus,Paepalanthus spixianus,The Plant List
Paepalanthus stannardii,Paepalanthus stannardii,Paepalanthus stannardii,The Plant List
Paepalanthus stellatus,Paepalanthus stellatus,Paepalanthus stellatus,The Plant List
Paepalanthus stephanophorus,Paepalanthus stephanophorus,Paepalanthus stephanophorus,The Plant List
Paepalanthus stereophyllus,Paepalanthus stereophyllus,Actinocephalus stereophyllus,The Plant List
Paepalanthus striatus,Paepalanthus striatus,Paepalanthus striatus,The Plant List
Paepalanthus strictus,Paepalanthus strictus,Paepalanthus strictus,The Plant List
Paepalanthus stuetzelii,Paepalanthus stuetzelii,Paepalanthus stuetzelii,The Plant List
Paepalanthus subfalcatus,Paepalanthus subfalcatus,Paepalanthus subfalcatus,The Plant List
Paepalanthus subfalcatus villosus,Paepalanthus subfalcatus var. villosus,Paepalanthus subfalcatus,The Plant List
Paepalanthus subtilis,Paepalanthus subtilis,Paepalanthus subtilis,The Plant List
Paepalanthus subulatus,Paepalanthus subulatus,Paepalanthus subtilis,The Plant List
Paepalanthus succisus,Paepalanthus succisus,Paepalanthus succisus,The Plant List
Paepalanthus suffruticans,Paepalanthus suffruticans,Paepalanthus suffruticans,The Plant List
Paepalanthus superbus gracilis,Paepalanthus superbus var. gracilis,Paepalanthus superbus var. gracilis,Flora do Brasil
Paepalanthus superbus,Paepalanthus superbus,Paepalanthus superbus,The Plant List
Paepalanthus superbus niveoniger,Paepalanthus superbus var. niveoniger,Paepalanthus superbus var. niveoniger,The Plant List
Paepalanthus superbus niveo-niger,Paepalanthus superbus var. niveoniger,Paepalanthus superbus var. niveoniger,The Plant List
Paepalanthus superbus superbus,Paepalanthus superbus var. superbus,Paepalanthus superbus,The Plant List
Paepalanthus supinus,Paepalanthus supinus,Paepalanthus supinus,The Plant List
Paepalanthus tatei,Paepalanthus tatei,Paepalanthus tortilis,The Plant List
Paepalanthus tenuicaulis,Paepalanthus tenuicaulis,Paepalanthus tenuicaulis,The Plant List
Paepalanthus tessmannii,Paepalanthus tessmannii,Paepalanthus tessmannii,The Plant List
Paepalanthus tortilis,Paepalanthus tortilis,Paepalanthus tortilis,The Plant List
Paepalanthus triangularis,Paepalanthus triangularis,Paepalanthus triangularis,The Plant List
Paepalanthus trichopeplus,Paepalanthus trichopeplus,Paepalanthus trichopeplus,The Plant List
Paepalanthus trichopetalus,Paepalanthus trichopetalus,Paepalanthus trichopetalus,The Plant List
Paepalanthus trichophyllus,Paepalanthus trichophyllus,Paepalanthus trichophyllus,The Plant List
Paepalanthus tricophyllus,Paepalanthus trichophyllus,Paepalanthus trichophyllus,The Plant List
Paepalanthus tuberculatus,Paepalanthus tuberculatus,Actinocephalus robustus,The Plant List
Paepalanthus tuberosus,Paepalanthus tuberosus,Paepalanthus tuberosus,The Plant List
Paepalanthus uleanus,Paepalanthus uleanus,Paepalanthus uleanus,The Plant List
Paepalanthus umbrosus,Paepalanthus umbrosus,Paepalanthus umbrosus,The Plant List
Paepalanthus uncinatus,Paepalanthus uncinatus,Paepalanthus uncinatus,The Plant List
Paepalanthus uncinatus rectus,Paepalanthus uncinatus var. rectus,Paepalanthus uncinatus var. rectus,Flora do Brasil
Paepalanthus undesignated,Paepalanthus uncinatus,NA,
Paepalanthus undulatus,Paepalanthus undulatus,Paepalanthus undulatus,The Plant List
Paepalanthus urbanianus,Paepalanthus urbanianus,Paepalanthus urbanianus,The Plant List
Paepalanthus usterii,Paepalanthus usterii,Paepalanthus usterii,The Plant List
Paepalanthus vaginatus,Paepalanthus vaginatus,Syngonanthus fischerianus,The Plant List
Paepalanthus variabilis,Paepalanthus variabilis,Paepalanthus variabilis,The Plant List
Paepalanthus variabilis var. glabrescens,Paepalanthus variabilis var. glabrescens,Paepalanthus variabilis,The Plant List
Paepalanthus varibilis,Paepalanthus variabilis,Paepalanthus variabilis,The Plant List
Paepalanthus vellozioides,Paepalanthus vellozioides,Paepalanthus vellozioides,The Plant List
Paepalanthus velutinus,Paepalanthus velutinus,Paepalanthus velutinus,The Plant List
Paepalanthus velutiphyllus,Paepalanthus velutiphyllus,Paepalanthus velutiphyllus,Flora do Brasil
Paepalanthus verticillatus,Paepalanthus verticillatus,Syngonanthus verticillatus,The Plant List
Paepalanthus vestitus caulescens,Paepalanthus vestitus var. caulescens,Paepalanthus cinereus,Flora do Brasil
Paepalanthus vestitus,Paepalanthus vestitus,Paepalanthus vestitus,The Plant List
Paepalanthus villipes,Paepalanthus villipes,Paepalanthus villipes,The Plant List
Paepalanthus villosulus,Paepalanthus villosulus,Paepalanthus villosulus,The Plant List
Paepalanthus viridis,Paepalanthus viridis,Paepalanthus lamarckii,The Plant List
Paepalanthus viridulus,Paepalanthus viridulus,Paepalanthus viridulus,The Plant List
Paepalanthus weddellii gracilis,NA,NA,
Paepalanthus williamsii,Paepalanthus williamsii,Syngonanthus williamsii,The Plant List
Paepalanthus xanthopus,Paepalanthus xanthopus,Paepalanthus xanthopus,The Plant List
Paepalanthus xiphophyllus,Paepalanthus xiphophyllus,Paepalanthus xiphophyllus,The Plant List
