,tip_labels,std_labels,corrected_labels,var_supressed
1,M._pithecolobioides_VFD317,Mimosa pithecolobioides,Mimosa pithecolobioides,Mimosa pithecolobioides
2,M._irrigua_MFS694,Mimosa irrigua,Mimosa irrigua,Mimosa irrigua
3,M._watsonii_MFS857,Mimosa watsonii,Mimosa watsonii,Mimosa watsonii
4,M._rufescens_rufescens_GCF596,Mimosa rufescens rufescens,Mimosa rufescens ,Mimosa rufescens 
5,M._guilandinae_guilandinae_MFP3958,Mimosa guilandinae guilandinae,Mimosa guilandinae guilandinae,Mimosa guilandinae 
6,M._colombiana_AMT21343,Mimosa colombiana,Mimosa colombiana,Mimosa colombiana
7,M._myriadenia_punctulata_PAR7483,Mimosa myriadenia punctulata,Mimosa myriadenia punctulata,Mimosa myriadenia
8,M._lepidophora_DC1747,Mimosa lepidophora,Mimosa lepidophora,Mimosa lepidophora
9,M._revoluta_CEH2278,Mimosa revoluta,Mimosa revoluta,Mimosa revoluta
10,M._nothacacia_GPL2353,Mimosa nothacacia,Mimosa nothacacia,Mimosa nothacacia
11,M._townsendii_GPL3025,Mimosa townsendii,Mimosa townsendii,Mimosa townsendii
12,M._torresiae_RTC10040,Mimosa torresiae,Mimosa torresiae,Mimosa torresiae
13,M._calcicola_MFS846,Mimosa calcicola,Mimosa calcicola,Mimosa calcicola
14,M._aspera_MFS817,Mimosa aspera,Mimosa aspera,Mimosa aspera
15,M._mollis_MFS850,Mimosa mollis,Mimosa mollis,Mimosa mollis
16,M._guatemalensis_MFS831,Mimosa guatemalensis,Mimosa guatemalensis,Mimosa guatemalensis
17,M._distachya_oligacantha_FK365,Mimosa distachya oligacantha,Mimosa distachya oligacantha,Mimosa distachya 
18,M._polyantha_MFS829,Mimosa polyantha,Mimosa polyantha,Mimosa polyantha
19,M._similis_MFS807,Mimosa similis,Mimosa similis,Mimosa similis
20,M._dominguensis_RCB18276,Mimosa dominguensis,Mimosa dominguensis,Mimosa dominguensis
21,M._spirocarpa_MFS825,Mimosa spirocarpa,Mimosa spirocarpa,Mimosa spirocarpa
22,M._monancistra_MFS809,Mimosa monancistra,Mimosa monancistra,Mimosa monancistra
23,M._tejupilcana_SAMA16,Mimosa tejupilcana,Mimosa tejupilcana,Mimosa tejupilcana
24,M._minutifolia_MFS810,Mimosa minutifolia,Mimosa minutifolia,Mimosa minutifolia
25,M._nanchititlana_RG2938,Mimosa nanchititlana,Mimosa nanchititlana,Mimosa nanchititlana
26,M._rhodocarpa_CEH2161,Mimosa rhodocarpa,Mimosa rhodocarpa,Mimosa rhodocarpa
27,M._adenantheroides_AMB945,Mimosa adenantheroides,Mimosa adenantheroides,Mimosa adenantheroides
28,M._texana_filipes_MFS845,Mimosa texana filipes,Mimosa texana filipes,Mimosa texana 
29,M._galleotti_MFS840,Mimosa galleotti,Mimosa galleotti,Mimosa galleotti
30,M._aculeaticarpa_MFS808,Mimosa aculeaticarpa,Mimosa aculeaticarpa,Mimosa aculeaticarpa
31,M._texana_texana_MFS803,Mimosa texana texana,Mimosa texana ,Mimosa texana 
32,M._palmeri_MFS823,Mimosa palmeri,Mimosa palmeri,Mimosa palmeri
33,M._costenya_MFS833,Mimosa costenya,Mimosa costenya,Mimosa costenya
34,M._benthami_MFS848,Mimosa benthami,Mimosa benthami,Mimosa benthami
35,M._adenantheroides_hystricosa_PT21201,Mimosa adenantheroides hystricosa,Mimosa adenantheroides hystricosa,Mimosa adenantheroides 
36,M._luisana_MFS844,Mimosa luisana,Mimosa luisana,Mimosa luisana
37,M._emoryana_RG2842,Mimosa emoryana,Mimosa emoryana,Mimosa emoryana
38,M._biuncifera_MFS805,Mimosa biuncifera,Mimosa biuncifera,Mimosa biuncifera
39,M._depauperata_MFS801,Mimosa depauperata,Mimosa depauperata,Mimosa depauperata
40,M._dysocarpa_MN296,Mimosa dysocarpa,Mimosa dysocarpa,Mimosa dysocarpa
41,M._lacerata_CEH2057,Mimosa lacerata,Mimosa lacerata,Mimosa lacerata
42,M._acantholoba_eurycarpa_SAMA28,Mimosa acantholoba eurycarpa,Mimosa acantholoba eurycarpa,Mimosa acantholoba
43,M._platycarpa_platycarpa_MFS859,Mimosa platycarpa platycarpa,Mimosa platycarpa ,Mimosa platycarpa 
44,M._acantholoba_acantholoba_RJE118,Mimosa acantholoba acantholoba,Mimosa acantholoba ,Mimosa acantholoba 
45,M._hondurana_MFS858,Mimosa hondurana,Mimosa hondurana,Mimosa hondurana
46,M._ervendbergii_EM35132,Mimosa ervendbergii,Mimosa ervendbergii,Mimosa ervendbergii
47,M._leptocarpa_LR1014,Mimosa leptocarpa,Mimosa leptocarpa,Mimosa leptocarpa
48,M._leucaenoides_SAMA8,Mimosa leucaenoides,Mimosa leucaenoides,Mimosa leucaenoides
49,M._martindelcampoi_SLCR527,Mimosa martindelcampoi,Mimosa martindelcampoi,Mimosa martindelcampoi
50,M._malacophylla_SLCR530,Mimosa malacophylla,Mimosa malacophylla,Mimosa malacophylla
51,M._purpusii_MFS841,Mimosa purpusii,Mimosa purpusii,Mimosa purpusii
52,M._zygophylla_SLCR525,Mimosa zygophylla,Mimosa zygophylla,Mimosa zygophylla
53,M._borealis_MFS873,Mimosa borealis,Mimosa borealis,Mimosa borealis
54,M._unipinnata_MAC2355,Mimosa unipinnata,Mimosa unipinnata,Mimosa unipinnata
55,M._caduca_GPL3006,Mimosa caduca,Mimosa caduca,Mimosa caduca
56,M._detinens_SANCHEZ46,Mimosa detinens,Mimosa detinens,Mimosa detinens
57,M._cf._weberbaueri_TS3070,Mimosa cf. weberbaueri,Mimosa cf. weberbaueri,Mimosa cf. weberbaueri
58,M._weberbaueri_CEH2043,Mimosa weberbaueri,Mimosa weberbaueri,Mimosa weberbaueri
59,M._montana_montana_CEH2225,Mimosa montana montana,Mimosa montana,Mimosa montana
60,M._aff._weberbauerii_TDP17903,Mimosa aff. weberbauerii,Mimosa aff. weberbauerii,Mimosa aff. weberbauerii
61,M._montana_sandemanii_RJE125,Mimosa montana sandemanii,Mimosa montana sandemanii,Mimosa montana 
62,M._quitensis_GPL2856,Mimosa quitensis,Mimosa quitensis,Mimosa quitensis
63,M._andina_GPL2271,Mimosa andina,Mimosa andina,Mimosa andina
64,M._hexandra_MFS711,Mimosa hexandra,Mimosa hexandra,Mimosa hexandra
65,M._hexandra_KFM128,Mimosa hexandra,Mimosa hexandra KFM128,Mimosa hexandra 
66,M._bahamensis_MJW132,Mimosa bahamensis,Mimosa bahamensis,Mimosa bahamensis
67,M._candollei_CEH2394,Mimosa candollei,Mimosa candollei,Mimosa candollei
68,M._quadrivalvis_quadrivalvis_SLCR532,Mimosa quadrivalvis quadrivalvis,Mimosa quadrivalvis ,Mimosa quadrivalvis 
69,M._nuttallii_MFS875,Mimosa nuttallii,Mimosa nuttallii,Mimosa nuttallii
70,M._robusta_MFS818,Mimosa robusta,Mimosa robusta,Mimosa robusta
71,M._sinaloensis_MFS828,Mimosa sinaloensis,Mimosa sinaloensis,Mimosa sinaloensis
72,M._rupertiana_RB12884,Mimosa rupertiana,Mimosa rupertiana,Mimosa rupertiana
73,M._antioquensis_isthmensis_MFS860,Mimosa antioquensis isthmensis,Mimosa antioquensis isthmensis,Mimosa antioquensis 
74,M._invisa_invisa_MFS715,Mimosa invisa invisa,Mimosa invisa,Mimosa invisa
75,M._diplotricha_diplotricha_MFS600,Mimosa diplotricha diplotricha,Mimosa diplotricha,Mimosa diplotricha
76,M._diplotricha_diplotricha_MFS877,Mimosa diplotricha diplotricha,Mimosa diplotricha  MFS877,Mimosa diplotricha
77,M._paucifolia_VFD450,Mimosa paucifolia,Mimosa paucifolia,Mimosa paucifolia
78,M._echinocaula_MFS679,Mimosa echinocaula,Mimosa echinocaula,Mimosa echinocaula
79,M._gracilis_invisiformis_MFS762,Mimosa gracilis invisiformis,Mimosa gracilis invisiformis,Mimosa gracilis 
80,M._gracilis_stipitata_MFS745,Mimosa gracilis stipitata,Mimosa gracilis stipitata,Mimosa gracilis 
81,M._gatesiae_MFS741,Mimosa gatesiae,Mimosa gatesiae,Mimosa gatesiae
82,M._campicola_planipes_MFS692,Mimosa campicola planipes,Mimosa campicola planipes,Mimosa campicola 
83,M._polydidyma_MFS719,Mimosa polydidyma,Mimosa polydidyma,Mimosa polydidyma
84,M._crumenarioides_MFS722,Mimosa crumenarioides,Mimosa crumenarioides,Mimosa crumenarioides
85,M._filipes_LPQ10058,Mimosa filipes,Mimosa filipes,Mimosa filipes
86,M._callithrix_MFS684,Mimosa callithrix,Mimosa callithrix,Mimosa callithrix
87,M._dicerastes_MFS448,Mimosa dicerastes,Mimosa dicerastes,Mimosa dicerastes
88,M._polycephala_polycephala_MFS400,Mimosa polycephala polycephala,Mimosa polycephala ,Mimosa polycephala 
89,M._vennatorum_MFS740,Mimosa vennatorum,Mimosa vennatorum,Mimosa vennatorum
90,M._vestita_MFS769,Mimosa vestita,Mimosa vestita,Mimosa vestita
91,M._skinneri_desmodioides_MFS746,Mimosa skinneri desmodioides,Mimosa skinneri desmodioides,Mimosa skinneri 
92,M._hirsutissima_grossa_LPQ12854,Mimosa hirsutissima grossa,Mimosa hirsutissima grossa,Mimosa hirsutissima 
93,M._hirsutissima_barbigera_MFS765,Mimosa hirsutissima barbigera,Mimosa hirsutissima barbigera,Mimosa hirsutissima 
94,M._pseudoradula_pseudoradula_MFS664,Mimosa pseudoradula pseudoradula,Mimosa pseudoradula ,Mimosa pseudoradula 
95,M._pyrenea_MFS678,Mimosa pyrenea,Mimosa pyrenea,Mimosa pyrenea
96,M._radula_imbricata_MFS731,Mimosa radula imbricata,Mimosa radula imbricata,Mimosa radula 
97,M._papposa_papposa_MFS601,Mimosa papposa papposa,Mimosa papposa,Mimosa papposa
98,M._virgula_MAS5134,Mimosa virgula,Mimosa virgula,Mimosa virgula
99,M._hypoglauca_hypoglauca_MFS723,Mimosa hypoglauca hypoglauca,Mimosa hypoglauca ,Mimosa hypoglauca 
100,M._cyclophyla_MFS757,Mimosa cyclophyla,Mimosa cyclophyla,Mimosa cyclophyla
101,M._lanuginosa_lanuginosa_MFS732,Mimosa lanuginosa lanuginosa,Mimosa lanuginosa,Mimosa lanuginosa
102,M._discobola_MFS744,Mimosa discobola,Mimosa discobola,Mimosa discobola
103,M._ursina_MFS704,Mimosa ursina,Mimosa ursina,Mimosa ursina
104,M._modesta_modesta_MFS708,Mimosa modesta modesta,Mimosa modesta,Mimosa modesta
105,M._honesta_MFS720,Mimosa honesta,Mimosa honesta,Mimosa honesta
106,M._pudica_MFS669,Mimosa pudica,Mimosa pudica,Mimosa pudica
107,M._affinis_MFS814,Mimosa affinis,Mimosa affinis,Mimosa affinis
108,M._polydactyla_LC8652,Mimosa polydactyla,Mimosa polydactyla,Mimosa polydactyla
109,M._aff._xanthocentra_LPQ10476,Mimosa aff. xanthocentra,Mimosa aff. xanthocentra,Mimosa aff. xanthocentra
110,M._jacobita_CEH2400,Mimosa jacobita,Mimosa jacobita,Mimosa jacobita
111,M._xanthocentra_subsericea_CEH2403,Mimosa xanthocentra subsericea,Mimosa xanthocentra subsericea,Mimosa xanthocentra 
112,M._verecunda_MFS749,Mimosa verecunda,Mimosa verecunda,Mimosa verecunda
113,M._sensitiva_sensitiva_DA4,Mimosa sensitiva sensitiva,Mimosa sensitiva ,Mimosa sensitiva 
114,M._velloziana_velloziana_MFS721,Mimosa velloziana velloziana,Mimosa velloziana ,Mimosa velloziana 
115,M._casta_CDJ2189,Mimosa casta,Mimosa casta,Mimosa casta
116,M._albida_albida_CEH2083,Mimosa albida albida,Mimosa albida,Mimosa albida
117,M._nuda_nuda_CEH2396,Mimosa nuda nuda,Mimosa nuda ,Mimosa nuda 
118,M._debilis_debilis_CEH2393,Mimosa debilis debilis,Mimosa debilis debilis,Mimosa debilis 
119,M._tequilana_MFS813,Mimosa tequilana,Mimosa tequilana,Mimosa tequilana
120,M._goldmanii_AMB921,Mimosa goldmanii,Mimosa goldmanii,Mimosa goldmanii
121,M._acapulcensis_ROR2,Mimosa acapulcensis,Mimosa acapulcensis,Mimosa acapulcensis
122,M._tricephala_nelsonii_AMB920,Mimosa tricephala nelsonii,Mimosa tricephala nelsonii,Mimosa tricephala 
123,M._deamii_AMB919,Mimosa deamii,Mimosa deamii,Mimosa deamii
124,M._sicyocarpa_JC4936,Mimosa sicyocarpa,Mimosa sicyocarpa,Mimosa sicyocarpa
125,M._sousae_AMB918,Mimosa sousae,Mimosa sousae,Mimosa sousae
126,M._psilocarpa_AMB933,Mimosa psilocarpa,Mimosa psilocarpa,Mimosa psilocarpa
127,M._lactiflua_CEH2079,Mimosa lactiflua,Mimosa lactiflua,Mimosa lactiflua
128,M._woodii_CEH2285,Mimosa woodii,Mimosa woodii,Mimosa woodii
129,M._boliviana_CEH2426,Mimosa boliviana,Mimosa boliviana,Mimosa boliviana
130,M._rusbyana_TS2071,Mimosa rusbyana,Mimosa rusbyana,Mimosa rusbyana
131,M._loxensis_GPL2987,Mimosa loxensis,Mimosa loxensis,Mimosa loxensis
132,M._pectinatipinna_CEH2036,Mimosa pectinatipinna,Mimosa pectinatipinna,Mimosa pectinatipinna
133,M._aff._incarum_RJE89,Mimosa aff. incarum,Mimosa aff. incarum,Mimosa aff. incarum
134,M._ctenodes_CEH2212,Mimosa ctenodes,Mimosa ctenodes,Mimosa ctenodes
135,M._incarum_CEH2206,Mimosa incarum,Mimosa incarum,Mimosa incarum
136,Mimosa_sp._RTP1715,Mimosa sp.,Mimosa_sp._RTP1715,Mimosa_sp._RTP1715
137,Mimosa_sp.5_CEH2648,Mimosa sp.,Mimosa_sp.5_CEH2648,Mimosa_sp.5_CEH2648
138,M._polycarpa_redundans_CEH2642,Mimosa polycarpa redundans,Mimosa polycarpa redundans,Mimosa polycarpa 
139,M._montis-carasae_VFD623,Mimosa montis-carasae,Mimosa montis-carasae,Mimosa montis-carasae
140,M._parviceps_VFD437,Mimosa parviceps,Mimosa parviceps,Mimosa parviceps
141,M._pseudocalosa_OSR5845,Mimosa pseudocalosa,Mimosa pseudocalosa,Mimosa pseudocalosa
142,M._gymnas_JMS3541,Mimosa gymnas,Mimosa gymnas,Mimosa gymnas
143,M._pilulifera_pseudincana_MFS878,Mimosa pilulifera pseudincana,Mimosa pilulifera pseudincana,Mimosa pilulifera 
144,M._pilulifera_ND3,Mimosa pilulifera,Mimosa pilulifera,Mimosa pilulifera
145,M._daleoides_AS35683,Mimosa daleoides,Mimosa daleoides,Mimosa daleoides
146,M._flocculosa_CNPF,Mimosa flocculosa,Mimosa flocculosa,Mimosa flocculosa
147,M._scabrella_HCL4055,Mimosa scabrella,Mimosa scabrella,Mimosa scabrella
148,M._aurivillus_aurivillus_VFD348,Mimosa aurivillus aurivillus,Mimosa aurivillus,Mimosa aurivillus
149,M._aff._bathyrrhena_MFS874,Mimosa aff. bathyrrhena,Mimosa aff. bathyrrhena,Mimosa aff. bathyrrhena
150,M._leprosa_parviceps_VFD358,Mimosa leprosa parviceps,Mimosa leprosa parviceps,Mimosa leprosa 
151,M._aurivillus_calothamnus_VFD347,Mimosa aurivillus calothamnus,Mimosa aurivillus calothamnus,Mimosa aurivillus 
152,M._orthacantha_JCB_SN,Mimosa orthacantha,Mimosa orthacantha,Mimosa orthacantha
153,M._incana_ND2,Mimosa incana,Mimosa incana,Mimosa incana
154,Mimosa_sp._ND15,Mimosa sp.,Mimosa_sp._ND15,Mimosa_sp._ND15
155,M._chartostegia_OSR5085,Mimosa chartostegia,Mimosa chartostegia,Mimosa chartostegia
156,M._oblonga_oblonga_EB463,Mimosa oblonga oblonga,Mimosa oblonga ,Mimosa oblonga 
157,M._dryandroides_extratropica_OSR3449,Mimosa dryandroides extratropica,Mimosa dryandroides extratropica,Mimosa dryandroides 
158,M._dolens_dolens_VFD352,Mimosa dolens dolens,Mimosa dolens,Mimosa dolens
159,M._dolens_rigida_MFS879,Mimosa dolens rigida,Mimosa dolens rigida,Mimosa dolens 
160,M._fachinalensis_ND20,Mimosa fachinalensis,Mimosa fachinalensis,Mimosa fachinalensis
161,M._dutrae_ND5,Mimosa dutrae,Mimosa dutrae,Mimosa dutrae
162,M._schleidenii_LPQ12348,Mimosa schleidenii,Mimosa schleidenii,Mimosa schleidenii
163,M._fachinalensis_ND16,Mimosa fachinalensis,Mimosa fachinalensis ND16,Mimosa fachinalensis 
164,M._pedersenii_LPQ12645,Mimosa pedersenii,Mimosa pedersenii,Mimosa pedersenii
165,M._atlantica_OSR4333,Mimosa atlantica,Mimosa atlantica,Mimosa atlantica
166,M._adamantina_adamantina_VFD459,Mimosa adamantina adamantina,Mimosa adamantina ,Mimosa adamantina 
167,M._callidryas_JMC94,Mimosa callidryas,Mimosa callidryas,Mimosa callidryas
168,M._perdusenii_OSR4545,Mimosa perdusenii,Mimosa perdusenii,Mimosa perdusenii
169,M._coniflora_OSR3060,Mimosa coniflora,Mimosa coniflora,Mimosa coniflora
170,M._sprengellii_LPQ12469,Mimosa sprengellii,Mimosa sprengellii,Mimosa sprengellii
171,M._ramulosa_LPQ12340,Mimosa ramulosa,Mimosa ramulosa,Mimosa ramulosa
172,M._ramboi_LPQ12530,Mimosa ramboi,Mimosa ramboi,Mimosa ramboi
173,M._aff._flagellaris_LPQ12322,Mimosa aff. flagellaris,Mimosa aff. flagellaris,Mimosa aff. flagellaris
174,M._polycarpa_subandina_CEH2462,Mimosa polycarpa subandina,Mimosa polycarpa subandina,Mimosa polycarpa 
175,M._flagellaris_LPQ12545,Mimosa flagellaris,Mimosa flagellaris,Mimosa flagellaris
176,M._brevipetiolata_hirtula_LPQ12614,Mimosa brevipetiolata hirtula,Mimosa brevipetiolata hirtula,Mimosa brevipetiolata 
177,Mimosa_sp._JRIW23707,Mimosa sp.,Mimosa_sp._JRIW23707,Mimosa_sp._JRIW23707
178,Mimosa_sp.4_MFS866A,Mimosa sp.,Mimosa_sp.4_MFS866A,Mimosa_sp.4_MFS866A
179,Mimosa_sp.2_MFS866,Mimosa sp.,Mimosa_sp.2_MFS866,Mimosa_sp.2_MFS866
180,M._setosa_paludosa_MFS725,Mimosa setosa paludosa,Mimosa paludosa,Mimosa paludosa
181,M._laniceps_MFS773,Mimosa laniceps,Mimosa laniceps,Mimosa laniceps
182,M._oligosperma_MFS865,Mimosa oligosperma,Mimosa oligosperma,Mimosa oligosperma
183,M._claussenii_claviceps_MFS766,Mimosa claussenii claviceps,Mimosa claussenii claviceps,Mimosa claussenii 
184,M._decorticans_MFS681,Mimosa decorticans,Mimosa decorticans,Mimosa decorticans
185,M._foliolosa_pubescens_MFS733,Mimosa foliolosa pubescens,Mimosa foliolosa pubescens,Mimosa foliolosa 
186,Mimosa_sp.1_MFS864,Mimosa sp.,Mimosa_sp.1_MFS864,Mimosa_sp.1_MFS864
187,M._splendida_MFS739,Mimosa splendida,Mimosa splendida,Mimosa splendida
188,M._ulei_grallator_MFS777,Mimosa ulei grallator,Mimosa ulei grallator,Mimosa ulei 
189,M._stylosa_VFD318,Mimosa stylosa,Mimosa stylosa,Mimosa stylosa
190,M._manidea_MFS760,Mimosa manidea,Mimosa manidea,Mimosa manidea
191,M._regina_MFS759,Mimosa regina,Mimosa regina,Mimosa regina
192,M._antrorsa_CWF1774,Mimosa antrorsa,Mimosa antrorsa,Mimosa antrorsa
193,M._setosissima_MFS676,Mimosa setosissima,Mimosa setosissima,Mimosa setosissima
194,M._melanocarpa_MFS675,Mimosa melanocarpa,Mimosa melanocarpa,Mimosa melanocarpa
195,M._dominarum_MFS776,Mimosa dominarum,Mimosa dominarum,Mimosa dominarum
196,M._densa_densa_MFS870,Mimosa densa densa,Mimosa densa densa,Mimosa densa 
197,M._adenotricha_VFD332,Mimosa adenotricha,Mimosa adenotricha,Mimosa adenotricha
198,M._cryptothamnos_MFS738,Mimosa cryptothamnos,Mimosa cryptothamnos,Mimosa cryptothamnos
199,M._claussenii_megistophylla_MFS768,Mimosa claussenii megistophylla,Mimosa claussenii megistophylla,Mimosa claussenii 
200,M._heringeri_CP2138,Mimosa heringeri,Mimosa heringeri,Mimosa heringeri
201,M._humivagans_MFS737,Mimosa humivagans,Mimosa humivagans,Mimosa humivagans
202,Mimosa_sp.3_MFS461,Mimosa sp.,Mimosa_sp.3_MFS461,Mimosa_sp.3_MFS461
203,M._speciosissima_MFS753,Mimosa speciosissima,Mimosa speciosissima,Mimosa speciosissima
204,M._albolanata_MFS667,Mimosa albolanata,Mimosa albolanata,Mimosa albolanata
205,M._setosa_urbica_MFS730,Mimosa setosa urbica,Mimosa urbica,Mimosa urbica
206,M._corynadenia_MS12896,Mimosa corynadenia,Mimosa corynadenia,Mimosa corynadenia
207,M._adenocarpa_MFS728,Mimosa adenocarpa,Mimosa adenocarpa,Mimosa adenocarpa
208,M._poculata_LPQ10160,Mimosa poculata,Mimosa poculata,Mimosa poculata
209,M._somnians_lasiocarpa_MFS736,Mimosa somnians lasiocarpa,Mimosa somnians lasiocarpa,Mimosa somnians 
210,M._brachycarpa_LPQ10589,Mimosa brachycarpa,Mimosa brachycarpa,Mimosa brachycarpa
211,M._orthocarpa_MFS855,Mimosa orthocarpa,Mimosa orthocarpa,Mimosa orthocarpa
212,M._cisparanensis_MFS568,Mimosa cisparanensis,Mimosa cisparanensis,Mimosa cisparanensis
213,M._occidentalis_occidentalis_MFS821,Mimosa occidentalis occidentalis,Mimosa occidentalis occidentalis,Mimosa occidentalis 
214,M._camporum_SMF729,Mimosa camporum,Mimosa camporum,Mimosa camporum
215,M._auriculata_CEH2405,Mimosa auriculata,Mimosa auriculata,Mimosa auriculata
216,M._josephina_CEH2398,Mimosa josephina,Mimosa josephina,Mimosa josephina
217,M._neptunioides_JRIW22123,Mimosa neptunioides,Mimosa neptunioides,Mimosa neptunioides
218,M._apodocarpa_MFS635,Mimosa apodocarpa,Mimosa apodocarpa,Mimosa apodocarpa
219,M._xavantinae_RF346,Mimosa xavantinae,Mimosa xavantinae,Mimosa xavantinae
220,M._lewisii_MFS696,Mimosa lewisii,Mimosa lewisii,Mimosa lewisii
221,M._tenuiflora_MFS698,Mimosa tenuiflora,Mimosa tenuiflora,Mimosa tenuiflora
222,M._artemisiana_SMF138,Mimosa artemisiana,Mimosa artemisiana,Mimosa artemisiana
223,M._sericantha_MFS410,Mimosa sericantha,Mimosa sericantha,Mimosa sericantha
224,M._adenophylla_MFS458,Mimosa adenophylla,Mimosa adenophylla,Mimosa adenophylla
225,M._pteridifolia_MFS754,Mimosa pteridifolia,Mimosa pteridifolia,Mimosa pteridifolia
226,M._adenophylla_mitis_LLCL184,Mimosa adenophylla mitis,Mimosa adenophylla mitis,Mimosa adenophylla 
227,M._coruscocaesia_RCM469,Mimosa coruscocaesia,Mimosa coruscocaesia,Mimosa coruscocaesia
228,M._verrucosa_MFS706,Mimosa verrucosa,Mimosa verrucosa,Mimosa verrucosa
229,M._gemmulata_gemmulata_MFS690,Mimosa gemmulata gemmulata,Mimosa gemmulata,Mimosa gemmulata
230,M._craspedisetosa_JRIW24488,Mimosa craspedisetosa,Mimosa craspedisetosa,Mimosa craspedisetosa
231,M._schomburgkii_JJH15,Mimosa schomburgkii,Mimosa schomburgkii,Mimosa schomburgkii
232,M._dalyi_JRIW16487,Mimosa dalyi,Mimosa dalyi,Mimosa dalyi
233,M._aff._dalyi_JRIW24309,Mimosa aff. dalyi,Mimosa aff. dalyi,Mimosa aff. dalyi
234,M._interrupta_LPQ10584,Mimosa interrupta,Mimosa interrupta,Mimosa interrupta
235,M._interrupta_LPQ10485,Mimosa interrupta,Mimosa interrupta,Mimosa interrupta
236,M._dormiens_MAG6841,Mimosa dormiens,Mimosa dormiens,Mimosa dormiens
237,M._strigillosa_AWL2666,Mimosa strigillosa,Mimosa strigillosa,Mimosa strigillosa
238,M._pigra_berlandieri_SLCR531,Mimosa pigra berlandieri,Mimosa pigra berlandieri,Mimosa pigra
239,M._weddelliana_NR4657,Mimosa weddelliana,Mimosa weddelliana,Mimosa weddelliana
240,M._pigra_dehiscens_CEH2414,Mimosa pigra dehiscens,Mimosa pigra dehiscens,Mimosa pigra 
241,M._cruenta_LPQ12575,Mimosa cruenta,Mimosa cruenta,Mimosa cruenta
242,M._uliginosa_LPQ12608,Mimosa uliginosa,Mimosa uliginosa,Mimosa uliginosa
243,M._uraguensis_MFS862,Mimosa uraguensis,Mimosa uraguensis,Mimosa uraguensis
244,M._bifurca_ND4,Mimosa bifurca,Mimosa bifurca,Mimosa bifurca
245,M._strobiliflora_OSR3600,Mimosa strobiliflora,Mimosa strobiliflora,Mimosa strobiliflora
246,M._lepidota_CEH2469,Mimosa lepidota,Mimosa lepidota,Mimosa lepidota
247,M._morroensis_JGN244,Mimosa morroensis,Mimosa morroensis,Mimosa morroensis
248,M._cordistipula_MFS693,Mimosa cordistipula,Mimosa cordistipula,Mimosa cordistipula
249,M._misera_MFS703,Mimosa misera,Mimosa misera,Mimosa misera
250,M._ulbrichiana_MFS710,Mimosa ulbrichiana,Mimosa ulbrichiana,Mimosa ulbrichiana
251,M._guaranitica_JGN474,Mimosa guaranitica,Mimosa guaranitica,Mimosa guaranitica
252,M._lepthantha_JGN471,Mimosa lepthantha,Mimosa lepthantha,Mimosa lepthantha
253,M._minarum_JGN495,Mimosa minarum,Mimosa minarum,Mimosa minarum
254,M._xiquexiquensis_RMH54331,Mimosa xiquexiquensis,Mimosa xiquexiquensis,Mimosa xiquexiquensis
255,M._blanchetii_MFS688,Mimosa blanchetii,Mimosa blanchetii,Mimosa blanchetii
256,M._setuligera_MFS709,Mimosa setuligera,Mimosa setuligera,Mimosa setuligera
257,M._prainiana_LJGM3843,Mimosa prainiana,Mimosa prainiana,Mimosa prainiana
258,M._hamata_MFS876,Mimosa hamata,Mimosa hamata,Mimosa hamata
259,M._rubicaulis_himalayana_SMT24,Mimosa rubicaulis himalayana,Mimosa rubicaulis himalayana,Mimosa rubicaulis 
260,M._busseana_GPC26,Mimosa busseana,Mimosa busseana,Mimosa busseana
261,M._mossambicensis_RKB8896,Mimosa mossambicensis,Mimosa mossambicensis,Mimosa mossambicensis
262,M._waterlotii_BDS2551,Mimosa waterlotii,Mimosa waterlotii,Mimosa waterlotii
263,M._hafomantsina_GPL2138,Mimosa hafomantsina,Mimosa hafomantsina,Mimosa hafomantsina
264,M._volubilis_DJP739,Mimosa volubilis,Mimosa volubilis,Mimosa volubilis
265,M._myriocephala_RR329,Mimosa myriocephala,Mimosa myriocephala,Mimosa myriocephala
266,M._menabeensis_menabeensis_JMS209,Mimosa menabeensis menabeensis,Mimosa menabeensis menabeensis,Mimosa menabeensis 
267,M._vilersii_JNL3020,Mimosa vilersii,Mimosa vilersii,Mimosa vilersii
268,M._nossibiensis_nossibiensis_DJP350,Mimosa nossibiensis nossibiensis,Mimosa nossibiensis,Mimosa nossibiensis
269,M._latispinosa_JMS206,Mimosa latispinosa,Mimosa latispinosa,Mimosa latispinosa
270,M._levenensis_ML4453,Mimosa levenensis,Mimosa levenensis,Mimosa levenensis
271,M._delicatula_JMS262,Mimosa delicatula,Mimosa delicatula,Mimosa delicatula
272,M._onilahensis_DJP899,Mimosa onilahensis,Mimosa onilahensis,Mimosa onilahensis
273,M._grandidieri_DJP56,Mimosa grandidieri,Mimosa grandidieri,Mimosa grandidieri
274,M._psoralea_PBP3571,Mimosa psoralea,Mimosa psoralea,Mimosa psoralea
275,M._laticifera_MFS599,Mimosa laticifera,Mimosa laticifera,Mimosa laticifera
276,M._caesalpiniifolia_MFS756,Mimosa caesalpiniifolia,Mimosa caesalpiniifolia,Mimosa caesalpiniifolia
277,M._ceratonia_interior_MFS727,Mimosa ceratonia interior,Mimosa ceratonia interior,Mimosa ceratonia 
278,M._ceratonia_ceratonia_JG3223,Mimosa ceratonia ceratonia,Mimosa ceratonia ,Mimosa ceratonia 
279,M._arenosa_leiocarpa_AMB923,Mimosa arenosa leiocarpa,Mimosa arenosa leiocarpa,Mimosa arenosa 
280,M._ophtalmocentra_MJW2434,Mimosa ophtalmocentra,Mimosa ophtalmocentra,Mimosa ophtalmocentra
281,M._pseudosepiaria_MFS712,Mimosa pseudosepiaria,Mimosa pseudosepiaria,Mimosa pseudosepiaria
282,M._farinosa_JRIW21535,Mimosa farinosa,Mimosa farinosa,Mimosa farinosa
283,M._acutistipula_acutistipula_MFS705,Mimosa acutistipula acutistipula,Mimosa acutistipula ,Mimosa acutistipula 
284,M._bimucronata_MFS301,Mimosa bimucronata,Mimosa bimucronata,Mimosa bimucronata
285,Piptadenia_trisperma_KEA512,iptadenia trisperma,Piptadenia trisperma,Piptadenia trisperma
286,Piptadenia_buchtienii_CEH2427,iptadenia buchtienii,Piptadenia buchtienii,Piptadenia buchtienii
287,Piptadenia_gonoacantha_MFS735,iptadenia gonoacantha,Piptadenia gonoacantha,Piptadenia gonoacantha
288,Piptadenia_adiantoides_MFS726,iptadenia adiantoides,Piptadenia adiantoides,Piptadenia adiantoides
289,Piptadenia_stipulacea_MFS702,iptadenia stipulacea,Piptadenia stipulacea,Piptadenia stipulacea
290,Piptadenia_viridiflora_CEH1681,iptadenia viridiflora,Piptadenia viridiflora,Piptadenia viridiflora
291,Piptadenia_obliqua_DJM439,iptadenia obliqua,Piptadenia obliqua,Piptadenia obliqua
292,Piptadenia_moniliformis_MJW2449,iptadenia moniliformis,Piptadenia moniliformis,Piptadenia moniliformis
293,Parapiptadenia_excelsa_CEH2425,arapiptadenia excelsa,Parapiptadenia excelsa,Parapiptadenia excelsa
294,Stryphnodendron_obovatum_CEH2397,tryphnodendron obovatum,Stryphnodendron obovatum,Stryphnodendron obovatum
295,Stryphnodendron_adstringens_MFS734,tryphnodendron adstringens,Stryphnodendron adstringens,Stryphnodendron adstringens
296,Microlobius_foetidus_CEH2150,icrolobius foetidus,Microlobius foetidus,Microlobius foetidus
297,Anadenanthera_colubrina_CEH2308,nadenanthera colubrina,Anadenanthera colubrina,Anadenanthera colubrina
